rank,player_name,p_win_%,p_top10_%,p_mc_%,course_fit_score
1,"Young, Cameron",55.29,96.2,99.6,0.5274889345002325
2,"Thomas, Justin",8.47,67.5,95.5,-0.041347210845723806
3,"Meissner, Mac",8.07,66.8,95.2,0.5197176275749461
4,"Koivun, Jackson",4.33,53.3,92.3,0.043409904147758666
5,"McCarty, Matt",4.24,53.7,92.4,0.19272692738585956
6,"Griffin, Ben",3.26,47.7,90.6,0.1342239687918815
7,"Noren, Alex",2.2,39.0,88.0,0.05470844591875948
8,"Kim, Tom",2.16,39.0,88.2,0.3117269235457133
9,"Rai, Aaron",1.7,35.4,86.5,0.47484904723245225
10,"Horschel, Billy",1.54,33.6,85.8,0.33459908868797855
11,"Im, Sungjae",1.31,31.6,84.6,0.18003336428437772
12,"Thompson, Davis",0.69,20.9,79.1,0.4308468462717953
13,"Castillo, Ricky",0.69,21.9,79.9,-0.03525571600192735
14,"Greyserman, Max",0.66,23.0,80.7,0.17245486246321803
15,"Vilips, Karl",0.43,15.3,73.6,-0.4975606963249272
16,"Poston, J.T.",0.42,16.9,75.4,0.05853671111865284
17,"Crowe, Trace",0.41,17.7,76.6,0.6111988210662587
18,"McGreevy, Max",0.3,12.6,71.8,0.37130151297739844
19,"Mitchell, Keith",0.21,10.4,68.2,0.4823555355474328
20,"Cantlay, Patrick",0.19,9.4,67.5,0.16995401422827347
21,"McCarthy, Denny",0.18,10.1,67.8,0.06656176337508145
22,"Fishburn, Patrick",0.17,10.8,69.2,0.19794466929514842
23,"Matsuyama, Hideki",0.17,8.7,66.8,0.47777396628723523
24,"McNealy, Maverick",0.16,10.2,68.4,0.2754247989991709
25,"Cole, Eric",0.16,9.8,67.5,0.019861764439590944
26,"Wallace, Matt",0.16,9.2,66.9,0.10029467350131228
27,"Smalley, Alex",0.15,9.0,66.1,0.2799161672669704
28,"Echavarria, Nico",0.14,8.6,65.7,-0.027072801426688598
29,"Bradley, Keegan",0.13,10.0,68.2,0.13128983712080738
30,"Moore, Taylor",0.12,8.0,64.8,0.05492130387038182
31,"Mouw, William",0.11,5.5,59.3,0.29941079995822467
32,"Spieth, Jordan",0.11,6.5,62.2,-0.04409754482483759
33,"Kirk, Chris",0.1,7.5,63.7,-0.05059115482156645
34,"Day, Jason",0.09,7.4,63.9,1.0526336515814194
35,"English, Harris",0.09,5.8,59.7,0.3062732353330823
36,"Fitzpatrick, Alex",0.08,6.2,61.6,0.12391391422827346
37,"Simpson, Webb",0.07,5.0,58.1,0.06709605094767629
38,"Hisatsune, Ryo",0.07,6.0,60.9,0.40371087724230226
39,"Bezuidenhout, Christiaan",0.06,5.5,59.4,0.009575624108270828
40,"Hojgaard, Rasmus",0.06,6.2,60.5,0.1987279874456019
41,"Wise, Aaron",0.06,4.1,55.6,0.043409904147758666
42,"Phillips, Chandler",0.06,4.7,57.8,0.20420449355602788
43,"Kuchar, Matt",0.05,4.6,56.7,0.3159721289601951
44,"Taylor, Nick",0.05,3.7,54.7,-0.01433196678269887
45,"Schmid, Matti",0.05,3.6,53.5,0.12744836155188774
46,"Hossler, Beau",0.04,3.8,54.4,0.043409904147758666
47,"Gerard, Ryan",0.04,4.2,55.8,0.17845152942861184
48,"Rodgers, Patrick",0.04,3.1,53.1,-0.02562163237616967
49,"Berger, Daniel",0.03,3.1,51.2,0.38910769043790366
50,"Kohles, Ben",0.03,3.7,53.8,0.11498418050547252
51,"Hubbard, Mark",0.03,3.3,52.3,0.14495740278049876
52,"Jaeger, Stephan",0.03,3.1,51.9,0.13579940232083537
53,"Brennan, Michael",0.03,3.3,52.4,0.038139032228273466
54,"Novak, Andrew",0.03,2.4,47.4,0.05796550550853447
55,"Smith, Jordan",0.03,3.7,54.0,0.06918734722827345
56,"Harman, Brian",0.02,2.1,47.5,-0.13566652231991705
57,"Clanton, Luke",0.02,2.9,51.7,0.3184299529458284
58,"Putnam, Andrew",0.02,2.7,50.3,0.168525003687709
59,"Ghim, Doug",0.02,3.7,54.6,0.3084320772188391
60,"Hoey, Rico",0.02,2.9,49.9,0.1204281967237713
61,"Penge, Marco",0.02,2.5,48.2,0.03596097622827347
62,"Kim, Michael",0.02,2.5,50.0,0.0025466886662087844
63,"Smotherman, Austin",0.02,2.6,49.7,0.33950454005911496
64,"Koepka, Brooks",0.02,2.8,51.3,0.07507164922827346
65,"Neergaard-Petersen, Rasmus",0.02,2.9,51.8,0.05416512922827347
66,"Glover, Lucas",0.02,2.3,48.4,0.2689693075717674
67,"Finau, Tony",0.02,3.3,52.6,-0.09414512534497294
68,"Keefer, Johnny",0.02,2.1,46.6,0.045774163228273476
69,"Collet, Tyler",0.01,1.0,39.0,0.043409904147758666
70,"Parry, John",0.01,1.6,44.1,0.06945986922827345
71,"Svensson, Adam",0.01,1.6,44.0,-0.06859830005444464
72,"Shipley, Neal",0.01,0.6,33.9,-0.04453366077172653
73,"Roy, Kevin",0.01,0.6,34.0,-0.009612428761633388
74,"Eckroat, Austin",0.01,1.7,44.9,0.3735210213826753
75,"Griffin, Lanto",0.01,1.5,43.4,0.2893410401332524
76,"Bauchou, Zach",0.01,1.5,44.0,0.06914413922827346
77,"Hughes, Mackenzie",0.01,1.6,43.6,-0.2362383293897072
78,"Kanaya, Takumi",0.01,0.7,35.5,0.5979673322071876
79,"Pendrith, Taylor",0.01,0.8,37.2,0.15844076918090513
80,"Potgieter, Aldrich",0.01,1.5,43.5,0.014511327228273467
81,"Hrabak, Cooper",0.01,1.1,39.0,0.043409904147758666
82,"Power, Seamus",0.01,2.2,48.4,0.14815772457537857
83,"Brown, Blades",0.01,1.0,39.5,0.043409904147758666
84,"Dou, Zecheng",0.01,2.5,49.0,-0.2446653518929176
85,"James, Ben",0.01,1.0,38.8,0.043409904147758666
86,"Lipsky, David",0.0,0.9,38.7,0.05842845838121544
87,"Ventura, Kristoffer",0.0,0.4,30.0,-0.1378635176222182
88,"Grillo, Emiliano",0.0,1.8,45.6,0.056624259783324055
89,"Blanchet, Chandler",0.0,0.6,32.4,-0.028984299771726535
90,"Blair, Zac",0.0,0.4,31.2,0.16004358464604432
91,"Pan, C.T.",0.0,0.9,39.2,0.043409904147758666
92,"VanDerLaan, John",0.0,0.3,27.9,-0.036660832771726534
93,"Stevens, Sam",0.0,0.3,26.2,-0.0043494548708191
94,"Coody, Pierceson",0.0,0.2,23.4,-0.16429286735542553
95,"Cauley, Bud",0.0,0.7,36.1,0.4683114720374519
96,"Fisk, Steven",0.0,1.3,41.2,0.04215726914377771
97,"Hodges, Lee",0.0,1.1,41.1,-0.05100837904955815
98,"Campbell, Brian",0.0,0.1,21.7,-0.3710716596266347
99,"Campos, Rafael",0.0,0.0,7.5,-0.22867412030397416
100,"Akina, Kihei",0.0,1.1,39.3,0.043409904147758666
101,"Chatfield, Davis",0.0,0.5,33.0,0.03613265622827347
102,"Dunlap, Nick",0.0,0.1,18.4,-0.5664903420882266
103,"Dumont De Chassart, Adrien",0.0,0.5,31.9,-0.03712698428035584
104,"Davis, Cam",0.0,0.8,34.7,0.03790993980926133
105,"Dahmen, Joel",0.0,0.3,28.5,-0.00890400488043707
106,"Garnett, Brice",0.0,0.2,24.3,-0.09064887223776483
107,"Ewart, A.J.",0.0,0.9,37.5,0.06273241522827346
108,"Hall, Harry",0.0,1.1,40.3,-0.36938449039402177
109,"Higgo, Garrick",0.0,0.1,18.9,-0.1532882067864354
110,"Malnati, Peter",0.0,0.1,17.0,-0.4235299599748141
111,"Lower, Justin",0.0,0.2,24.4,-0.2415915379630012
112,"Li, Haotong",0.0,0.7,36.0,-0.006779444771726526
113,"Lebioda, Hank",0.0,0.1,19.2,-0.18997814635136678
114,"Lamprecht, Christo",0.0,0.0,14.3,-0.12944583377172653
115,"Kizzire, Patton",0.0,0.0,11.2,-0.1180391275340143
116,"Kang, Jeffrey",0.0,0.2,23.5,-0.027692113771726534
117,"Highsmith, Joe",0.0,0.1,17.5,-0.30360037541719187
118,"Hirata, Kensei",0.0,0.1,22.3,-0.05658352077172654
119,"Hoge, Tom",0.0,0.1,25.0,0.31993926937293826
120,"Ramey, Chad",0.0,0.2,22.5,-0.25500697449026327
121,"Riley, Davis",0.0,0.2,26.8,-0.19025747112895952
122,"Pavon, Matthieu",0.0,0.0,12.8,-0.12991216069479578
123,"Mazzoli, Stefano",0.0,0.2,25.6,-0.04154352177172653
124,"Nyholm, Pontus",0.0,0.4,30.8,-0.013119205771726532
125,"Olesen, Thorbjorn",0.0,0.4,30.8,0.03148073405260314
126,"Saddier, Adrien",0.0,0.6,33.8,0.00707554822827347
127,"Rozo, Marcelo",0.0,0.1,18.9,-0.10561878577172655
128,"Streelman, Kevin",0.0,0.5,32.7,0.2592485449409307
129,"Suber, Jackson",0.0,0.1,20.2,-0.1293479669472917
130,"Snedeker, Brandt",0.0,0.1,18.2,-0.20240066330436324
131,"Schenk, Adam",0.0,0.0,9.2,-0.2712941889458456
132,"Sargent, Gordon",0.0,0.0,10.1,-0.7458449473370437
133,"Straka, Sepp",0.0,0.2,25.8,-0.0004837107941729965
134,"Svensson, Jesper",0.0,0.1,19.4,-0.25676657956146937
135,"Tosti, Alejandro",0.0,0.0,6.6,-0.4890632841469137
136,"Theegala, Sahith",0.0,0.0,10.5,-0.6486038787435228
137,"Van Rooyen, Erik",0.0,0.2,23.8,0.08905744807993478
138,"Whaley, Vince",0.0,0.0,10.5,-0.2725172520290447
139,"Walker, Danny",0.0,0.0,8.9,-0.6348068396832605
140,"Wu, Dylan",0.0,0.0,7.0,-0.4642944353781847
141,"Yu, Kevin",0.0,0.2,24.6,0.3041732150342489
