rank,player_name,p_win_%,p_top10_%,p_mc_%,r1_teetime,r2_teetime,course_fit_score
1,"Lindberg, Mikael",22.27,81.2,98.0,13:00,08:00,0.100784914
2,"Lindell, Oliver",14.97,73.8,97.2,08:10,13:10,0.115833803
3,"Schmidt, Ben",12.51,70.0,96.6,12:50,07:50,-0.041318910000000014
4,"De Leo, Gregorio",12.37,70.2,96.5,12:30,07:30,-0.10560756199999999
5,"Hojgaard, Rasmus",7.49,60.3,94.8,08:00,13:00,0.24412368199999998
6,"Chacarra, Eugenio",5.13,50.7,93.0,08:00,13:00,0.22743030200000003
7,"Langasque, Romain",4.56,47.9,92.1,08:20,13:20,0.04906262799999997
8,"LaCroix, Frederic",3.65,44.8,91.5,12:30,07:30,-0.195376252
9,"Neergaard-Petersen, Rasmus",2.5,37.0,88.8,08:10,13:10,0.079451404
10,"Ravetto, David",2.33,34.8,88.2,13:40,08:40,-0.209562357
11,"Ege, Mats",2.21,35.3,88.2,13:30,08:30,-0.169429675
12,"Clements, Todd",1.44,29.6,85.5,14:00,09:00,-0.10927944200000002
13,"Veerman, Johannes",1.22,26.2,84.3,12:50,07:50,-0.159700772
14,"Wiesberger, Bernd",0.63,17.7,79.1,08:00,13:00,-0.17022272300000002
15,"Olesen, Thorbjorn",0.57,16.6,78.2,13:10,08:10,-0.029171660000000002
16,"Sullivan, Andy",0.56,17.0,78.4,12:50,07:50,-0.033788982
17,"Robinson Thompson, Brandon",0.52,16.2,77.3,08:40,13:40,-0.118379326
18,"Berry, Joshua",0.46,15.6,76.8,09:00,14:00,-0.169429675
19,"Guerrier, Julien",0.42,13.3,75.1,13:20,08:20,-0.0363265
20,"Bjerregaard, Lucas",0.41,12.8,74.8,14:10,09:10,-0.36067658199999997
21,"Ding, Wenyi",0.39,13.5,75.1,07:30,12:30,0.05549411
22,"Scrivener, Jason",0.35,12.5,74.0,09:20,14:20,-0.08076608800000001
23,"Norgaard, Niklas",0.31,11.8,72.9,07:50,12:50,0.0024904119999999944
24,"Lemke, Niklas",0.25,9.9,71.1,08:40,13:40,-0.32794410500000004
25,"Nemecz, Lukas",0.24,9.6,70.7,09:10,14:10,-0.169429675
26,"Laporta, Francesco",0.22,9.8,70.6,13:20,08:20,-0.114102554
27,"Wilson, Andrew",0.19,9.1,69.7,13:30,08:30,-0.189526413
28,"Olesen, Jacob Skov",0.16,7.8,67.9,13:00,08:00,0.123608473
29,"Dean, Joe",0.14,7.5,66.8,13:10,08:10,-0.072593486
30,"Armitage, Marcus",0.13,6.2,64.4,12:30,07:30,0.012788764999999994
31,"Axelsen, John",0.09,5.2,61.8,09:10,14:10,-0.169429675
32,"Ayora, Angel",0.09,5.3,62.4,07:40,12:40,0.10161217199999999
33,"Horsey, David",0.09,5.2,62.2,14:10,09:10,-0.169429675
34,"Pepperell, Eddie",0.08,3.5,57.1,07:50,12:50,-0.096271862
35,"Simonsen, Martin",0.07,5.4,62.5,09:00,14:00,-0.169429675
36,"Sterne, Richard",0.05,3.4,57.2,13:10,08:10,-0.295045869
37,"Premlall, Yurav",0.04,2.2,50.7,07:40,12:40,-0.169429675
38,"Winther, Jeff",0.04,2.8,54.2,13:40,08:40,-0.09813546900000003
39,"Van Tonder, Daniel",0.04,2.2,50.8,12:50,07:50,-0.169429675
40,"Charmasson, Clement",0.03,2.2,50.2,09:00,14:00,-0.169429675
41,"Perico, Julian",0.03,2.2,50.3,12:40,07:40,-0.169429675
42,"Daffue, MJ",0.03,2.2,50.9,13:30,08:30,-0.169429675
43,"Zhou, Yanhan",0.03,2.1,50.7,12:40,07:40,-0.169429675
44,"Shogenji, Tatsunori",0.03,2.2,50.9,14:20,09:20,-0.169429675
45,"Jamieson, Scott",0.03,2.2,50.5,13:50,08:50,-0.272569627
46,"Langfors, Per",0.03,2.0,50.4,14:10,09:10,-0.169429675
47,"Biondi, Fred",0.02,2.2,50.3,13:50,08:50,-0.169429675
48,"Bjork, Alexander",0.02,2.2,50.4,07:30,12:30,-0.169429675
49,"Jackson, Palmer",0.02,2.1,50.7,14:20,09:20,-0.169429675
50,"Buchanan, Jack",0.02,2.1,50.1,13:20,08:20,-0.169429675
51,"Debove, Quentin",0.02,2.1,50.6,09:00,14:00,-0.169429675
52,"Albers, Anton",0.02,2.0,50.9,14:20,09:20,-0.169429675
53,"Quayle, Anthony",0.02,2.2,50.6,07:50,12:50,-0.169429675
54,"Gallegos, Andres",0.02,2.1,50.5,09:10,14:10,-0.169429675
55,"Agerschou, Jacob Worm",0.02,2.2,50.6,09:20,14:20,-0.169429675
56,"Helligkilde, Marcus",0.02,2.3,50.8,07:40,12:40,-0.169429675
57,"Halvorsen, Andreas",0.02,1.8,46.9,13:20,08:20,-0.059373499999999996
58,"Toorop, Mike",0.02,2.2,51.0,08:20,13:20,-0.169429675
59,"McKinney, Connor",0.02,2.0,50.8,07:30,12:30,-0.169429675
60,"Bergstrom, Albin",0.02,2.2,51.0,09:20,14:20,-0.169429675
61,"Del Rey, Alejandro",0.02,1.7,47.7,12:30,07:30,-0.0005359240000000036
62,"Mory, Felix",0.02,1.9,50.8,08:40,13:40,-0.169429675
63,"Kimsey, Nathan",0.02,1.9,48.8,08:50,13:50,-0.08517455
64,"Host, August Thor",0.02,2.1,50.7,09:20,14:20,-0.169429675
65,"Vidal, Quim",0.02,2.0,50.3,08:10,13:10,-0.169429675
66,"Ferguson, Ewen",0.02,2.5,53.0,12:40,07:40,0.031968585
67,"Hill, Calum",0.01,2.0,50.2,07:50,12:50,0.16734986000000002
68,"Von Dellingshausen, Nicolai",0.01,1.1,42.7,07:40,12:40,-0.162364118
69,"Luiten, Joost",0.01,1.8,48.9,08:20,13:20,-0.107775735
70,"Ejlersen, Anders Emil",0.01,2.1,50.6,08:20,13:20,-0.169429675
71,"Peake, Ryan",0.01,2.1,51.2,13:40,08:40,-0.169429675
72,"Garcia-Heredia, Alfredo",0.01,1.5,45.3,08:00,13:00,-0.24217038700000001
73,"Jordan, Matthew",0.01,1.0,41.7,13:30,08:30,-0.207330057
74,"Bradbury, Dan",0.01,0.7,37.9,13:10,08:10,-0.168636627
75,"Sekne, Herman Wibe",0.01,1.3,45.2,14:00,09:00,-0.169429675
76,"Surratt, Caleb",0.01,2.1,50.5,14:00,09:00,0.196883192
77,"Guillamoundeguy, Oihan",0.01,1.2,43.4,08:30,13:30,-0.012618480000000001
78,"Rozner, Antoine",0.01,1.7,48.0,12:50,07:50,-0.061157767
79,"Sandhu, Yuvraj Singh",0.01,2.2,50.9,09:10,14:10,-0.169429675
80,"Ko, Jeong Weon",0.01,1.0,41.5,13:00,08:00,-0.160184877
81,"Crocker, Sean",0.01,0.4,32.8,07:40,12:40,-0.328348983
82,"Ramsay, Richie",0.01,0.6,36.3,14:00,09:00,-0.23448148600000002
83,"Schneider, Marcel",0.01,0.4,33.2,13:50,08:50,-0.14432716699999998
84,"Hundeboll, Oliver",0.01,1.3,44.3,09:20,14:20,-0.169429675
85,"Mjaaseth, Michael",0.0,1.2,45.2,08:20,13:20,-0.169429675
86,"Sharma, Shubhankar",0.0,1.3,44.5,07:30,12:30,-0.224637557
87,"Jonsson, Tobias",0.0,0.2,27.5,09:00,14:00,-0.29674400700000003
88,"Johnston, Ryggs",0.0,0.1,17.6,08:40,13:40,-0.36978959199999994
89,"Yule, Jack",0.0,2.1,50.1,13:40,08:40,-0.169429675
90,"Lee, K.H.",0.0,0.1,22.8,13:00,08:00,-0.374374437
91,"Cabrera Bello, Rafa",0.0,0.9,40.3,08:20,13:20,-0.218520458
92,"Hidalgo, Angel",0.0,0.5,36.4,08:40,13:40,-0.14230638699999998
93,"Paul, Yannik",0.0,0.1,20.0,09:20,14:20,-0.257927216
94,"Stenson, Henrik",0.0,0.3,29.9,08:10,13:10,-0.459464279
95,"Micheluzzi, David",0.0,0.1,23.2,09:10,14:10,-0.31931260200000006
96,"Senior, Jack",0.0,0.1,19.8,13:50,08:50,-0.328596707
97,"Tarren, Callum",0.0,0.0,13.8,12:30,07:30,-0.399697026
98,"Van Driel, Darius",0.0,0.5,36.8,08:40,13:40,-0.150474748
99,"Watson, Bubba",0.0,0.7,39.3,13:00,08:00,-0.144636851
100,"Steinlechner, Maximilian",0.0,0.3,32.0,14:10,09:10,-0.09144752099999999
101,"Williams, Robin",0.0,0.1,22.8,12:40,07:40,-0.43099549400000003
102,"Waring, Paul",0.0,0.3,30.3,07:50,12:50,-0.225647688
103,"Walker, Euan",0.0,0.3,31.7,14:10,09:10,-0.203111189
104,"Schott, Freddy",0.0,0.0,9.7,07:30,12:30,-0.11765854399999999
105,"Soderberg, Sebastian",0.0,0.1,24.7,13:40,08:40,-0.23727585999999998
106,"Young, Daniel",0.0,0.0,20.0,09:10,14:10,-0.30591684799999996
107,"Townsend, Hugo",0.0,0.3,33.6,07:40,12:40,-0.204082688
108,"Siem, Marcel",0.0,0.7,37.3,12:40,07:40,-0.434819444
109,"Zanotti, Fabrizio",0.0,0.1,24.2,07:50,12:50,-0.391997091
110,"Stone, Brandon",0.0,0.1,21.1,08:50,13:50,-0.187074307
111,"Adam, Cameron",0.0,0.1,24.5,08:50,13:50,-0.23119130499999999
112,"Rodrigues, Daniel",0.0,0.5,34.3,07:30,12:30,-0.153571523
113,"Gouveia, Ricardo",0.0,0.2,29.8,12:50,07:50,-0.10121523499999999
114,"Aphibarnrat, Kiradech",0.0,0.1,23.8,09:00,14:00,-0.127960234
115,"Arnaus, Adri",0.0,0.0,12.4,13:50,08:50,-0.20775246200000003
116,"Bairstow, Sam",0.0,0.0,20.9,13:10,08:10,-0.134790432
117,"Baldwin, Matthew",0.0,0.0,10.1,14:00,09:00,-0.39662078300000003
118,"Brown, Hamish",0.0,0.0,1.9,14:20,09:20,-0.19158258
119,"Cantero Gutierrez, Ivan",0.0,0.2,28.7,08:30,13:30,-0.224587406
120,"Celli, Filippo",0.0,0.0,14.5,13:50,08:50,-0.116972435
121,"Dantorp, Jens",0.0,0.2,29.0,08:50,13:50,-0.17078855299999998
122,"Fisher, Ross",0.0,0.1,25.5,08:30,13:30,-0.350674955
123,"Follet-Smith, Benjamin",0.0,0.0,4.7,12:30,07:30,-0.5723772149999999
124,"Forsstrom, Simon",0.0,0.0,4.3,08:00,13:00,-0.536260666
125,"Frittelli, Dylan",0.0,0.0,21.0,13:30,08:30,-0.23402874699999998
126,"Gavins, Daniel",0.0,0.0,2.8,13:40,08:40,-0.9165702609999999
127,"Girrbach, Joel",0.0,0.1,20.1,13:00,08:00,-0.331433007
128,"Green, Gavin",0.0,0.0,10.3,13:20,08:20,-0.5149336059999999
129,"Repetto Taylor, Rocco",0.0,0.1,24.9,13:10,08:10,-0.290417759
130,"Gumberg, Jordan",0.0,0.0,17.6,13:20,08:20,-0.310200519
131,"Hebert, Benjamin",0.0,0.0,11.8,14:00,09:00,-0.169429675
132,"Jacobsen, Christian",0.0,0.0,14.7,12:40,07:40,-0.169429675
133,"Johannessen, Kristian K.",0.0,0.4,33.2,14:10,09:10,-0.169429675
134,"Kaewkanjana, Sadom",0.0,0.3,31.9,08:00,13:00,-0.11634567699999998
135,"Law, David",0.0,0.1,23.1,08:10,13:10,-0.139726022
136,"Levy, Alexander",0.0,0.0,9.7,14:20,09:20,-0.13234088800000002
137,"Lombard, Zander",0.0,0.0,4.7,14:20,09:20,-0.399600018
138,"Manassero, Matteo",0.0,0.6,37.3,08:50,13:50,-0.377668539
139,"Molinari, Edoardo",0.0,0.1,20.6,13:30,08:30,-0.37132737299999996
140,"Morrison, James",0.0,0.0,12.3,08:10,13:10,-0.28886155100000005
141,"Naidoo, Dylan",0.0,0.0,11.7,08:30,13:30,-0.430176018
142,"Otaegui, Adrian",0.0,0.2,27.8,08:30,13:30,-0.32745355200000004
143,"Paratore, Renato",0.0,0.0,8.0,08:50,13:50,-0.13590103299999998
144,"Lee, Junghwan",0.0,0.2,25.8,08:30,13:30,-0.16842805800000002
