rank,player_name,p_win_%,p_top10_%,p_mc_%,r1_teetime,r2_teetime
1,"Reed, Patrick",4.6,27.3,73.8,07:11,12:21
2,"Chacarra, Eugenio",3.56,24.0,71.3,12:11,07:11
3,"Jarvis, Casey",3.05,20.0,68.6,12:11,07:11
4,"Nakajima, Keita",2.66,19.2,67.9,12:55,07:55
5,"Olesen, Jacob Skov",1.75,15.1,62.8,07:22,12:32
6,"Ferguson, Ewen",1.62,14.5,62.7,07:22,12:32
7,"Buchanan, Jack",1.47,12.5,59.9,12:00,07:00
8,"Toorop, Mike",1.42,12.7,60.0,13:39,08:39
9,"Debove, Quentin",1.42,12.3,59.6,07:55,13:05
10,"Logan, Hunter",1.41,12.8,59.9,12:22,07:22
11,"Gallegos, Andres",1.4,12.7,59.9,07:44,12:54
12,"Van Tonder, Daniel",1.39,12.6,60.6,07:33,12:43
13,"Biondi, Fred",1.39,12.4,59.7,07:11,12:21
14,"Locke, Sam",1.39,12.2,59.9,08:50,14:00
15,"Baker, Eliot",1.38,12.6,59.9,12:44,07:44
16,"Virto, Borja",1.38,12.7,60.2,14:01,09:01
17,"Peake, Ryan",1.37,12.5,59.9,07:22,12:32
18,"Jackson, Palmer",1.37,12.5,60.3,08:17,13:27
19,"Nemecz, Lukas",1.37,12.4,60.4,08:50,14:00
20,"Baumgartner, Jonas",1.36,12.9,60.4,08:17,13:27
21,"Quiros, Alvaro",1.35,12.4,60.0,12:22,07:22
22,"Van Velzen, Ryan",1.35,12.6,60.7,08:28,13:38
23,"Quayle, Anthony",1.35,12.6,60.1,07:00,12:10
24,"O'Hara, Paul",1.35,12.6,60.1,14:01,09:01
25,"Daly II, John",1.35,12.5,59.8,12:00,07:00
26,"Perico, Julian",1.34,12.5,60.1,08:28,13:38
27,"Rebula, Jovan",1.34,12.7,60.0,07:22,12:32
28,"Vidal, Quim",1.34,12.2,59.9,12:11,07:11
29,"Yule, Jack",1.33,12.2,60.1,08:39,13:49
30,"Ereno Perez, Pablo",1.33,12.3,59.8,07:00,12:10
31,"Shogenji, Tatsunori",1.32,12.5,59.8,12:55,07:55
32,"Berry, Joshua",1.32,12.4,60.3,08:39,13:49
33,"Hebert, Benjamin",1.31,12.6,60.0,08:06,13:16
34,"Zach, Simon",1.31,12.8,60.0,08:17,13:27
35,"Johnston, Liam",1.3,12.4,60.2,08:50,14:00
36,"Gregor, Graham",1.29,13.0,60.0,08:50,14:00
37,"McCullen, Haydn",1.29,12.3,60.4,14:01,09:01
38,"Fyfe, Calum",1.28,12.4,59.7,08:28,13:38
39,"Sandhu, Yuvraj Singh",1.28,12.3,60.1,08:28,13:38
40,"Lewis, Tom",1.28,12.8,60.4,14:01,09:01
41,"Germishuys, Deon",1.27,12.3,60.1,13:06,08:06
42,"Brown, Barclay",1.27,12.2,60.1,08:50,14:00
43,"Franssen, Rory",1.27,12.4,60.2,08:28,13:38
44,"McKinney, Connor",1.25,12.3,59.6,13:17,08:17
45,"Brown, Steven",1.24,12.6,59.9,13:06,08:06
46,"Teder, Richard",1.24,12.6,60.1,14:01,09:01
47,"Bergstrom, Albin",1.24,12.4,60.2,12:44,07:44
48,"Mjaaseth, Michael",1.23,12.7,60.0,08:39,13:49
49,"Brown, Dan",1.14,11.2,58.4,12:00,07:00
50,"Kimsey, Nathan",1.08,10.5,57.2,12:22,07:22
51,"Jordan, Matthew",1.03,10.4,56.4,07:00,12:10
52,"Armitage, Marcus",0.95,10.0,56.5,07:33,12:43
53,"Campillo, Jorge",0.92,10.1,56.3,12:44,07:44
54,"Guerrier, Julien",0.88,10.1,56.6,07:33,12:43
55,"Kobori, Kazuma",0.83,8.9,55.0,13:28,08:28
56,"Pavon, Matthieu",0.82,8.7,54.2,07:00,12:10
57,"Clements, Todd",0.79,8.6,54.5,12:33,07:33
58,"Sullivan, Andy",0.76,8.3,53.6,12:00,07:00
59,"Zhou, Yanhan",0.63,7.3,51.7,07:11,12:21
60,"Elvira, Manuel",0.63,7.7,51.9,13:28,08:28
61,"Li, Haotong",0.63,8.1,53.3,12:11,07:11
62,"Couvra, Martin",0.6,6.8,51.1,07:22,12:32
63,"Stone, Brandon",0.54,6.6,49.9,13:06,08:06
64,"Bryant, Davis",0.54,6.8,50.5,08:17,13:27
65,"Dean, Joe",0.54,7.1,50.6,07:44,12:54
66,"Norris, Shaun",0.52,6.3,48.6,12:22,07:22
67,"Manassero, Matteo",0.48,6.3,49.8,08:17,13:27
68,"Ravetto, David",0.46,6.0,49.3,08:06,13:16
69,"Von Dellingshausen, Nicolai",0.45,5.8,47.9,08:06,13:16
70,"Norgaard, Niklas",0.42,5.7,47.8,07:33,12:43
71,"Gouveia, Ricardo",0.4,5.3,46.5,07:55,13:05
72,"Robinson Thompson, Brandon",0.4,4.8,45.7,13:50,08:50
73,"Pepperell, Eddie",0.39,5.2,46.9,07:00,12:10
74,"Forrest, Grant",0.39,5.4,47.6,07:11,12:21
75,"Daffue, MJ",0.38,5.0,45.5,07:44,12:54
76,"Bairstow, Sam",0.37,5.2,46.5,07:33,12:43
77,"Scrivener, Jason",0.37,5.2,46.7,13:39,08:39
78,"Celli, Filippo",0.36,5.2,46.6,07:55,13:05
79,"Lagergren, Joakim",0.34,4.7,45.4,13:17,08:17
80,"Steinlechner, Maximilian",0.34,4.9,45.8,13:50,08:50
81,"Aphibarnrat, Kiradech",0.34,4.9,45.5,12:11,07:11
82,"Mansell, Richard",0.32,4.6,45.0,08:28,13:38
83,"Halvorsen, Andreas",0.32,4.7,45.1,07:22,12:32
84,"Frittelli, Dylan",0.32,4.4,44.2,12:55,07:55
85,"Girrbach, Joel",0.31,4.4,44.3,13:06,08:06
86,"Hollick, Michael",0.31,4.6,45.9,12:22,07:22
87,"Schmidt, Ben",0.27,4.0,43.0,07:33,12:43
88,"Law, David",0.26,4.1,44.0,12:55,07:55
89,"Rodrigues, Daniel",0.25,3.8,42.8,07:55,13:05
90,"Otaegui, Adrian",0.25,3.5,40.3,13:39,08:39
91,"Kinhult, Marcus",0.24,3.9,42.5,13:28,08:28
92,"Mory, Felix",0.21,3.3,40.9,13:17,08:17
93,"Wilson, Andrew",0.21,3.1,39.9,12:55,07:55
94,"Levy, Alexander",0.21,3.3,39.9,07:44,12:54
95,"Kaewkanjana, Sadom",0.2,3.3,40.6,07:11,12:21
96,"Dantorp, Jens",0.2,3.2,39.2,12:11,07:11
97,"Walker, Euan",0.18,2.7,38.8,08:17,13:27
98,"Crocker, Sean",0.16,3.2,39.4,08:39,13:49
99,"Bjerregaard, Lucas",0.16,2.2,35.5,13:06,08:06
100,"Fisher, Ross",0.15,2.8,38.0,13:28,08:28
101,"Southgate, Matthew",0.15,2.7,38.4,08:39,13:49
102,"Lee, K.H.",0.15,2.5,37.6,12:33,07:33
103,"Paratore, Renato",0.14,2.5,37.6,12:33,07:33
104,"Laird, Martin",0.14,2.0,34.8,07:44,12:54
105,"Townsend, Hugo",0.14,3.1,39.0,13:17,08:17
106,"Cantero Gutierrez, Ivan",0.12,2.0,34.8,13:50,08:50
107,"Jonsson, Tobias",0.12,2.0,35.1,07:00,12:10
108,"Adam, Cameron",0.12,2.1,36.4,13:06,08:06
109,"Senior, Jack",0.11,1.7,33.4,13:39,08:39
110,"Lombard, Zander",0.1,1.9,34.7,13:50,08:50
111,"Sterne, Richard",0.09,2.2,35.6,12:33,07:33
112,"Lee, Junghwan",0.09,1.7,32.8,12:33,07:33
113,"Veerman, Johannes",0.09,1.6,32.2,13:28,08:28
114,"Jamieson, Scott",0.09,1.8,33.1,12:44,07:44
115,"Repetto Taylor, Rocco",0.08,1.7,33.3,13:50,08:50
116,"Zanotti, Fabrizio",0.08,1.4,30.9,13:17,08:17
117,"Arnaus, Adri",0.08,1.3,31.4,07:11,12:21
118,"Young, Daniel",0.06,1.6,32.1,08:06,13:16
119,"Premlall, Yurav",0.06,1.4,30.9,12:44,07:44
120,"Baldwin, Matthew",0.06,1.2,29.6,13:50,08:50
121,"Tarren, Callum",0.05,1.3,30.9,07:44,12:54
122,"Garcia-Heredia, Alfredo",0.05,1.0,29.4,12:33,07:33
123,"Morrison, James",0.05,1.4,31.4,12:00,07:00
124,"Charmasson, Clement",0.04,1.2,28.7,13:28,08:28
125,"Paul, Yannik",0.04,0.9,27.9,08:06,13:16
126,"Siem, Marcel",0.04,1.3,29.9,07:55,13:05
127,"Johnston, Ryggs",0.03,1.0,27.8,13:39,08:39
128,"Sharma, Shubhankar",0.03,1.1,27.9,08:39,13:49
129,"Syme, Connor",0.03,0.8,25.8,12:22,07:22
130,"Larrazabal, Pablo",0.03,0.8,25.7,13:39,08:39
131,"Micheluzzi, David",0.02,0.7,25.4,12:00,07:00
132,"Naidoo, Dylan",0.02,0.5,22.4,13:17,08:17
133,"Follet-Smith, Benjamin",0.01,0.4,19.7,12:44,07:44
134,"Williams, Robin",0.01,0.7,25.0,12:55,07:55
135,"Kieffer, Max",0.01,0.4,21.0,08:06,13:16
136,"Forsstrom, Simon",0.01,0.3,17.8,14:01,09:01
137,"Gavins, Daniel",0.0,0.0,3.8,07:55,13:05
138,"Green, Gavin",0.0,0.0,7.4,08:50,14:00
