am,country,player_id,dg_rank,owgr_rank,player_name,player_num,pre_tourn_pageviews,teetimes,tour_rank,event_id
0,SCO,34024,457.0,,"Adam, Cameron",107390,167,"[{'course_code': '', 'course_name': 'Trump International Golf Links', 'course_num': 4844, 'round_num': 1, 'start_hole': 1, 'teetime': '2026-08-20 13:06', 'wave': 'late'}, {'course_code': '', 'course_name': 'Trump International Golf Links', 'course_num': 4844, 'round_num': 2, 'start_hole': 10, 'teetime': '2026-08-21 08:06', 'wave': 'early'}]",118,2026132
0,THA,12321,302.0,348.0,"Aphibarnrat, Kiradech",37259,108,"[{'course_code': '', 'course_name': 'Trump International Golf Links', 'course_num': 4844, 'round_num': 1, 'start_hole': 10, 'teetime': '2026-08-20 12:11', 'wave': 'late'}, {'course_code': '', 'course_name': 'Trump International Golf Links', 'course_num': 4844, 'round_num': 2, 'start_hole': 1, 'teetime': '2026-08-21 07:11', 'wave': 'early'}]",98,2026132
0,ENG,17813,145.0,160.0,"Armitage, Marcus",36452,195,"[{'course_code': '', 'course_name': 'Trump International Golf Links', 'course_num': 4844, 'round_num': 1, 'start_hole': 10, 'teetime': '2026-08-20 07:33', 'wave': 'early'}, {'course_code': '', 'course_name': 'Trump International Golf Links', 'course_num': 4844, 'round_num': 2, 'start_hole': 1, 'teetime': '2026-08-21 12:43', 'wave': 'late'}]",18,2026132
0,ESP,23236,,,"Arnaus, Adri",41721,81,"[{'course_code': '', 'course_name': 'Trump International Golf Links', 'course_num': 4844, 'round_num': 1, 'start_hole': 1, 'teetime': '2026-08-20 07:11', 'wave': 'early'}, {'course_code': '', 'course_name': 'Trump International Golf Links', 'course_num': 4844, 'round_num': 2, 'start_hole': 10, 'teetime': '2026-08-21 12:21', 'wave': 'late'}]",187,2026132
0,ENG,28615,328.0,416.0,"Bairstow, Sam",100418,129,"[{'course_code': '', 'course_name': 'Trump International Golf Links', 'course_num': 4844, 'round_num': 1, 'start_hole': 1, 'teetime': '2026-08-20 07:33', 'wave': 'early'}, {'course_code': '', 'course_name': 'Trump International Golf Links', 'course_num': 4844, 'round_num': 2, 'start_hole': 10, 'teetime': '2026-08-21 12:43', 'wave': 'late'}]",107,2026132
1,ENG,30036053,,,"Baker, Eliot",107605,49,"[{'course_code': '', 'course_name': 'Trump International Golf Links', 'course_num': 4844, 'round_num': 1, 'start_hole': 1, 'teetime': '2026-08-20 12:44', 'wave': 'late'}, {'course_code': '', 'course_name': 'Trump International Golf Links', 'course_num': 4844, 'round_num': 2, 'start_hole': 10, 'teetime': '2026-08-21 07:44', 'wave': 'early'}]",,2026132
0,ENG,13344,,,"Baldwin, Matthew",33455,111,"[{'course_code': '', 'course_name': 'Trump International Golf Links', 'course_num': 4844, 'round_num': 1, 'start_hole': 1, 'teetime': '2026-08-20 13:50', 'wave': 'late'}, {'course_code': '', 'course_name': 'Trump International Golf Links', 'course_num': 4844, 'round_num': 2, 'start_hole': 10, 'teetime': '2026-08-21 08:50', 'wave': 'early'}]",166,2026132
0,GER,26799,,,"Baumgartner, Jonas",100890,57,"[{'course_code': '', 'course_name': 'Trump International Golf Links', 'course_num': 4844, 'round_num': 1, 'start_hole': 1, 'teetime': '2026-08-20 08:17', 'wave': 'early'}, {'course_code': '', 'course_name': 'Trump International Golf Links', 'course_num': 4844, 'round_num': 2, 'start_hole': 10, 'teetime': '2026-08-21 13:27', 'wave': 'late'}]",,2026132
0,SWE,23620,,,"Bergstrom, Albin",43365,80,"[{'course_code': '', 'course_name': 'Trump International Golf Links', 'course_num': 4844, 'round_num': 1, 'start_hole': 10, 'teetime': '2026-08-20 12:44', 'wave': 'late'}, {'course_code': '', 'course_name': 'Trump International Golf Links', 'course_num': 4844, 'round_num': 2, 'start_hole': 1, 'teetime': '2026-08-21 07:44', 'wave': 'early'}]",163,2026132
0,ENG,31520,,,"Berry, Joshua",103310,76,"[{'course_code': '', 'course_name': 'Trump International Golf Links', 'course_num': 4844, 'round_num': 1, 'start_hole': 10, 'teetime': '2026-08-20 08:39', 'wave': 'early'}, {'course_code': '', 'course_name': 'Trump International Golf Links', 'course_num': 4844, 'round_num': 2, 'start_hole': 1, 'teetime': '2026-08-21 13:49', 'wave': 'late'}]",191,2026132
0,BRA,25614,,,"Biondi, Fred",107820,66,"[{'course_code': '', 'course_name': 'Trump International Golf Links', 'course_num': 4844, 'round_num': 1, 'start_hole': 1, 'teetime': '2026-08-20 07:11', 'wave': 'early'}, {'course_code': '', 'course_name': 'Trump International Golf Links', 'course_num': 4844, 'round_num': 2, 'start_hole': 10, 'teetime': '2026-08-21 12:21', 'wave': 'late'}]",182,2026132
0,DEN,11619,,,"Bjerregaard, Lucas",34907,115,"[{'course_code': '', 'course_name': 'Trump International Golf Links', 'course_num': 4844, 'round_num': 1, 'start_hole': 10, 'teetime': '2026-08-20 13:06', 'wave': 'late'}, {'course_code': '', 'course_name': 'Trump International Golf Links', 'course_num': 4844, 'round_num': 2, 'start_hole': 1, 'teetime': '2026-08-21 08:06', 'wave': 'early'}]",181,2026132
0,ENG,29947,,,"Brown, Barclay",100978,44,"[{'course_code': '', 'course_name': 'Trump International Golf Links', 'course_num': 4844, 'round_num': 1, 'start_hole': 10, 'teetime': '2026-08-20 08:50', 'wave': 'early'}, {'course_code': '', 'course_name': 'Trump International Golf Links', 'course_num': 4844, 'round_num': 2, 'start_hole': 1, 'teetime': '2026-08-21 14:00', 'wave': 'late'}]",,2026132
0,ENG,20766,169.0,131.0,"Brown, Dan",40915,305,"[{'course_code': '', 'course_name': 'Trump International Golf Links', 'course_num': 4844, 'round_num': 1, 'start_hole': 1, 'teetime': '2026-08-20 12:00', 'wave': 'late'}, {'course_code': '', 'course_name': 'Trump International Golf Links', 'course_num': 4844, 'round_num': 2, 'start_hole': 10, 'teetime': '2026-08-21 07:00', 'wave': 'early'}]",155,2026132
0,ENG,15771,,,"Brown, Steven",37460,32,"[{'course_code': '', 'course_name': 'Trump International Golf Links', 'course_num': 4844, 'round_num': 1, 'start_hole': 10, 'teetime': '2026-08-20 13:06', 'wave': 'late'}, {'course_code': '', 'course_name': 'Trump International Golf Links', 'course_num': 4844, 'round_num': 2, 'start_hole': 1, 'teetime': '2026-08-21 08:06', 'wave': 'early'}]",,2026132
0,USA,32550,225.0,172.0,"Bryant, Davis",106152,183,"[{'course_code': '', 'course_name': 'Trump International Golf Links', 'course_num': 4844, 'round_num': 1, 'start_hole': 10, 'teetime': '2026-08-20 08:17', 'wave': 'early'}, {'course_code': '', 'course_name': 'Trump International Golf Links', 'course_num': 4844, 'round_num': 2, 'start_hole': 1, 'teetime': '2026-08-21 13:27', 'wave': 'late'}]",23,2026132
0,AUS,27379,,,"Buchanan, Jack",101595,70,"[{'course_code': '', 'course_name': 'Trump International Golf Links', 'course_num': 4844, 'round_num': 1, 'start_hole': 10, 'teetime': '2026-08-20 12:00', 'wave': 'late'}, {'course_code': '', 'course_name': 'Trump International Golf Links', 'course_num': 4844, 'round_num': 2, 'start_hole': 1, 'teetime': '2026-08-21 07:00', 'wave': 'early'}]",169,2026132
0,ESP,14016,156.0,190.0,"Campillo, Jorge",36867,149,"[{'course_code': '', 'course_name': 'Trump International Golf Links', 'course_num': 4844, 'round_num': 1, 'start_hole': 1, 'teetime': '2026-08-20 12:44', 'wave': 'late'}, {'course_code': '', 'course_name': 'Trump International Golf Links', 'course_num': 4844, 'round_num': 2, 'start_hole': 10, 'teetime': '2026-08-21 07:44', 'wave': 'early'}]",26,2026132
0,ESP,19635,,,"Cantero Gutierrez, Ivan",40516,65,"[{'course_code': '', 'course_name': 'Trump International Golf Links', 'course_num': 4844, 'round_num': 1, 'start_hole': 10, 'teetime': '2026-08-20 13:50', 'wave': 'late'}, {'course_code': '', 'course_name': 'Trump International Golf Links', 'course_num': 4844, 'round_num': 2, 'start_hole': 1, 'teetime': '2026-08-21 08:50', 'wave': 'early'}]",141,2026132
0,ITA,23549,316.0,341.0,"Celli, Filippo",100024,278,"[{'course_code': '', 'course_name': 'Trump International Golf Links', 'course_num': 4844, 'round_num': 1, 'start_hole': 10, 'teetime': '2026-08-20 07:55', 'wave': 'early'}, {'course_code': '', 'course_name': 'Trump International Golf Links', 'course_num': 4844, 'round_num': 2, 'start_hole': 1, 'teetime': '2026-08-21 13:05', 'wave': 'late'}]",97,2026132
0,ESP,26745,73.0,64.0,"Chacarra, Eugenio",43332,286,"[{'course_code': '', 'course_name': 'Trump International Golf Links', 'course_num': 4844, 'round_num': 1, 'start_hole': 1, 'teetime': '2026-08-20 12:11', 'wave': 'late'}, {'course_code': '', 'course_name': 'Trump International Golf Links', 'course_num': 4844, 'round_num': 2, 'start_hole': 10, 'teetime': '2026-08-21 07:11', 'wave': 'early'}]",3,2026132
0,FRA,22220,,,"Charmasson, Clement",102497,50,"[{'course_code': '', 'course_name': 'Trump International Golf Links', 'course_num': 4844, 'round_num': 1, 'start_hole': 10, 'teetime': '2026-08-20 13:28', 'wave': 'late'}, {'course_code': '', 'course_name': 'Trump International Golf Links', 'course_num': 4844, 'round_num': 2, 'start_hole': 1, 'teetime': '2026-08-21 08:28', 'wave': 'early'}]",168,2026132
0,ENG,22608,226.0,209.0,"Clements, Todd",42411,207,"[{'course_code': '', 'course_name': 'Trump International Golf Links', 'course_num': 4844, 'round_num': 1, 'start_hole': 1, 'teetime': '2026-08-20 12:33', 'wave': 'late'}, {'course_code': '', 'course_name': 'Trump International Golf Links', 'course_num': 4844, 'round_num': 2, 'start_hole': 10, 'teetime': '2026-08-21 07:33', 'wave': 'early'}]",61,2026132
0,FRA,27811,276.0,182.0,"Couvra, Martin",101251,121,"[{'course_code': '', 'course_name': 'Trump International Golf Links', 'course_num': 4844, 'round_num': 1, 'start_hole': 10, 'teetime': '2026-08-20 07:22', 'wave': 'early'}, {'course_code': '', 'course_name': 'Trump International Golf Links', 'course_num': 4844, 'round_num': 2, 'start_hole': 1, 'teetime': '2026-08-21 12:32', 'wave': 'late'}]",57,2026132
0,USA,23610,485.0,,"Crocker, Sean",41684,82,"[{'course_code': '', 'course_name': 'Trump International Golf Links', 'course_num': 4844, 'round_num': 1, 'start_hole': 10, 'teetime': '2026-08-20 08:39', 'wave': 'early'}, {'course_code': '', 'course_name': 'Trump International Golf Links', 'course_num': 4844, 'round_num': 2, 'start_hole': 1, 'teetime': '2026-08-21 13:49', 'wave': 'late'}]",139,2026132
0,RSA,17068,318.0,231.0,"Daffue, MJ",39189,106,"[{'course_code': '', 'course_name': 'Trump International Golf Links', 'course_num': 4844, 'round_num': 1, 'start_hole': 10, 'teetime': '2026-08-20 07:44', 'wave': 'early'}, {'course_code': '', 'course_name': 'Trump International Golf Links', 'course_num': 4844, 'round_num': 2, 'start_hole': 1, 'teetime': '2026-08-21 12:54', 'wave': 'late'}]",,2026132
0,USA,32432,,,"Daly II, John",110163,64,"[{'course_code': '', 'course_name': 'Trump International Golf Links', 'course_num': 4844, 'round_num': 1, 'start_hole': 1, 'teetime': '2026-08-20 12:00', 'wave': 'late'}, {'course_code': '', 'course_name': 'Trump International Golf Links', 'course_num': 4844, 'round_num': 2, 'start_hole': 10, 'teetime': '2026-08-21 07:00', 'wave': 'early'}]",,2026132
0,SWE,14018,390.0,469.0,"Dantorp, Jens",36484,96,"[{'course_code': '', 'course_name': 'Trump International Golf Links', 'course_num': 4844, 'round_num': 1, 'start_hole': 10, 'teetime': '2026-08-20 12:11', 'wave': 'late'}, {'course_code': '', 'course_name': 'Trump International Golf Links', 'course_num': 4844, 'round_num': 2, 'start_hole': 1, 'teetime': '2026-08-21 07:11', 'wave': 'early'}]",130,2026132
0,ENG,16497,245.0,290.0,"Dean, Joe",39035,320,"[{'course_code': '', 'course_name': 'Trump International Golf Links', 'course_num': 4844, 'round_num': 1, 'start_hole': 10, 'teetime': '2026-08-20 07:44', 'wave': 'early'}, {'course_code': '', 'course_name': 'Trump International Golf Links', 'course_num': 4844, 'round_num': 2, 'start_hole': 1, 'teetime': '2026-08-21 12:54', 'wave': 'late'}]",76,2026132
0,FRA,25325,,,"Debove, Quentin",42780,82,"[{'course_code': '', 'course_name': 'Trump International Golf Links', 'course_num': 4844, 'round_num': 1, 'start_hole': 1, 'teetime': '2026-08-20 07:55', 'wave': 'early'}, {'course_code': '', 'course_name': 'Trump International Golf Links', 'course_num': 4844, 'round_num': 2, 'start_hole': 10, 'teetime': '2026-08-21 13:05', 'wave': 'late'}]",161,2026132
0,ESP,26008,228.0,275.0,"Elvira, Manuel",43327,101,"[{'course_code': '', 'course_name': 'Trump International Golf Links', 'course_num': 4844, 'round_num': 1, 'start_hole': 1, 'teetime': '2026-08-20 13:28', 'wave': 'late'}, {'course_code': '', 'course_name': 'Trump International Golf Links', 'course_num': 4844, 'round_num': 2, 'start_hole': 10, 'teetime': '2026-08-21 08:28', 'wave': 'early'}]",74,2026132
0,ESP,33839,283.0,277.0,"Ereno Perez, Pablo",108141,117,"[{'course_code': '', 'course_name': 'Trump International Golf Links', 'course_num': 4844, 'round_num': 1, 'start_hole': 10, 'teetime': '2026-08-20 07:00', 'wave': 'early'}, {'course_code': '', 'course_name': 'Trump International Golf Links', 'course_num': 4844, 'round_num': 2, 'start_hole': 1, 'teetime': '2026-08-21 12:10', 'wave': 'late'}]",,2026132
0,SCO,21646,126.0,199.0,"Ferguson, Ewen",40946,261,"[{'course_code': '', 'course_name': 'Trump International Golf Links', 'course_num': 4844, 'round_num': 1, 'start_hole': 10, 'teetime': '2026-08-20 07:22', 'wave': 'early'}, {'course_code': '', 'course_name': 'Trump International Golf Links', 'course_num': 4844, 'round_num': 2, 'start_hole': 1, 'teetime': '2026-08-21 12:32', 'wave': 'late'}]",49,2026132
0,ENG,9396,490.0,,"Fisher, Ross",32435,173,"[{'course_code': '', 'course_name': 'Trump International Golf Links', 'course_num': 4844, 'round_num': 1, 'start_hole': 10, 'teetime': '2026-08-20 13:28', 'wave': 'late'}, {'course_code': '', 'course_name': 'Trump International Golf Links', 'course_num': 4844, 'round_num': 2, 'start_hole': 1, 'teetime': '2026-08-21 08:28', 'wave': 'early'}]",136,2026132
0,ZIM,15211,,,"Follet-Smith, Benjamin",42160,81,"[{'course_code': '', 'course_name': 'Trump International Golf Links', 'course_num': 4844, 'round_num': 1, 'start_hole': 10, 'teetime': '2026-08-20 12:44', 'wave': 'late'}, {'course_code': '', 'course_name': 'Trump International Golf Links', 'course_num': 4844, 'round_num': 2, 'start_hole': 1, 'teetime': '2026-08-21 07:44', 'wave': 'early'}]",174,2026132
0,SCO,16475,265.0,241.0,"Forrest, Grant",38956,236,"[{'course_code': '', 'course_name': 'Trump International Golf Links', 'course_num': 4844, 'round_num': 1, 'start_hole': 10, 'teetime': '2026-08-20 07:11', 'wave': 'early'}, {'course_code': '', 'course_name': 'Trump International Golf Links', 'course_num': 4844, 'round_num': 2, 'start_hole': 1, 'teetime': '2026-08-21 12:21', 'wave': 'late'}]",94,2026132
0,SWE,19806,,,"Forsstrom, Simon",36434,50,"[{'course_code': '', 'course_name': 'Trump International Golf Links', 'course_num': 4844, 'round_num': 1, 'start_hole': 10, 'teetime': '2026-08-20 14:01', 'wave': 'late'}, {'course_code': '', 'course_name': 'Trump International Golf Links', 'course_num': 4844, 'round_num': 2, 'start_hole': 1, 'teetime': '2026-08-21 09:01', 'wave': 'early'}]",229,2026132
0,SCO,30349,,371.0,"Franssen, Rory",101382,77,"[{'course_code': '', 'course_name': 'Trump International Golf Links', 'course_num': 4844, 'round_num': 1, 'start_hole': 10, 'teetime': '2026-08-20 08:28', 'wave': 'early'}, {'course_code': '', 'course_name': 'Trump International Golf Links', 'course_num': 4844, 'round_num': 2, 'start_hole': 1, 'teetime': '2026-08-21 13:38', 'wave': 'late'}]",,2026132
0,RSA,11955,327.0,458.0,"Frittelli, Dylan",35166,136,"[{'course_code': '', 'course_name': 'Trump International Golf Links', 'course_num': 4844, 'round_num': 1, 'start_hole': 1, 'teetime': '2026-08-20 12:55', 'wave': 'late'}, {'course_code': '', 'course_name': 'Trump International Golf Links', 'course_num': 4844, 'round_num': 2, 'start_hole': 10, 'teetime': '2026-08-21 07:55', 'wave': 'early'}]",90,2026132
0,SCO,25096,,,"Fyfe, Calum",43778,85,"[{'course_code': '', 'course_name': 'Trump International Golf Links', 'course_num': 4844, 'round_num': 1, 'start_hole': 1, 'teetime': '2026-08-20 08:28', 'wave': 'early'}, {'course_code': '', 'course_name': 'Trump International Golf Links', 'course_num': 4844, 'round_num': 2, 'start_hole': 10, 'teetime': '2026-08-21 13:38', 'wave': 'late'}]",,2026132
0,ARG,19296,,,"Gallegos, Andres",103255,45,"[{'course_code': '', 'course_name': 'Trump International Golf Links', 'course_num': 4844, 'round_num': 1, 'start_hole': 1, 'teetime': '2026-08-20 07:44', 'wave': 'early'}, {'course_code': '', 'course_name': 'Trump International Golf Links', 'course_num': 4844, 'round_num': 2, 'start_hole': 10, 'teetime': '2026-08-21 12:54', 'wave': 'late'}]",219,2026132
0,ESP,7887,,,"Garcia-Heredia, Alfredo",32108,61,"[{'course_code': '', 'course_name': 'Trump International Golf Links', 'course_num': 4844, 'round_num': 1, 'start_hole': 10, 'teetime': '2026-08-20 12:33', 'wave': 'late'}, {'course_code': '', 'course_name': 'Trump International Golf Links', 'course_num': 4844, 'round_num': 2, 'start_hole': 1, 'teetime': '2026-08-21 07:33', 'wave': 'early'}]",184,2026132
0,ENG,18241,,,"Gavins, Daniel",39020,64,"[{'course_code': '', 'course_name': 'Trump International Golf Links', 'course_num': 4844, 'round_num': 1, 'start_hole': 1, 'teetime': '2026-08-20 07:55', 'wave': 'early'}, {'course_code': '', 'course_name': 'Trump International Golf Links', 'course_num': 4844, 'round_num': 2, 'start_hole': 10, 'teetime': '2026-08-21 13:05', 'wave': 'late'}]",213,2026132
0,RSA,25888,,,"Germishuys, Deon",43142,35,"[{'course_code': '', 'course_name': 'Trump International Golf Links', 'course_num': 4844, 'round_num': 1, 'start_hole': 10, 'teetime': '2026-08-20 13:06', 'wave': 'late'}, {'course_code': '', 'course_name': 'Trump International Golf Links', 'course_num': 4844, 'round_num': 2, 'start_hole': 1, 'teetime': '2026-08-21 08:06', 'wave': 'early'}]",228,2026132
0,SUI,15592,355.0,308.0,"Girrbach, Joel",38258,122,"[{'course_code': '', 'course_name': 'Trump International Golf Links', 'course_num': 4844, 'round_num': 1, 'start_hole': 1, 'teetime': '2026-08-20 13:06', 'wave': 'late'}, {'course_code': '', 'course_name': 'Trump International Golf Links', 'course_num': 4844, 'round_num': 2, 'start_hole': 10, 'teetime': '2026-08-21 08:06', 'wave': 'early'}]",99,2026132
0,POR,18722,287.0,246.0,"Gouveia, Ricardo",40063,100,"[{'course_code': '', 'course_name': 'Trump International Golf Links', 'course_num': 4844, 'round_num': 1, 'start_hole': 10, 'teetime': '2026-08-20 07:55', 'wave': 'early'}, {'course_code': '', 'course_name': 'Trump International Golf Links', 'course_num': 4844, 'round_num': 2, 'start_hole': 1, 'teetime': '2026-08-21 13:05', 'wave': 'late'}]",35,2026132
0,MAS,12530,,,"Green, Gavin",37332,63,"[{'course_code': '', 'course_name': 'Trump International Golf Links', 'course_num': 4844, 'round_num': 1, 'start_hole': 10, 'teetime': '2026-08-20 08:50', 'wave': 'early'}, {'course_code': '', 'course_name': 'Trump International Golf Links', 'course_num': 4844, 'round_num': 2, 'start_hole': 1, 'teetime': '2026-08-21 14:00', 'wave': 'late'}]",230,2026132
0,SCO,30201,,,"Gregor, Graham",101530,44,"[{'course_code': '', 'course_name': 'Trump International Golf Links', 'course_num': 4844, 'round_num': 1, 'start_hole': 10, 'teetime': '2026-08-20 08:50', 'wave': 'early'}, {'course_code': '', 'course_name': 'Trump International Golf Links', 'course_num': 4844, 'round_num': 2, 'start_hole': 1, 'teetime': '2026-08-21 14:00', 'wave': 'late'}]",,2026132
0,FRA,10201,193.0,212.0,"Guerrier, Julien",33674,164,"[{'course_code': '', 'course_name': 'Trump International Golf Links', 'course_num': 4844, 'round_num': 1, 'start_hole': 10, 'teetime': '2026-08-20 07:33', 'wave': 'early'}, {'course_code': '', 'course_name': 'Trump International Golf Links', 'course_num': 4844, 'round_num': 2, 'start_hole': 1, 'teetime': '2026-08-21 12:43', 'wave': 'late'}]",21,2026132
0,NOR,17747,375.0,449.0,"Halvorsen, Andreas",39513,93,"[{'course_code': '', 'course_name': 'Trump International Golf Links', 'course_num': 4844, 'round_num': 1, 'start_hole': 1, 'teetime': '2026-08-20 07:22', 'wave': 'early'}, {'course_code': '', 'course_name': 'Trump International Golf Links', 'course_num': 4844, 'round_num': 2, 'start_hole': 10, 'teetime': '2026-08-21 12:32', 'wave': 'late'}]",113,2026132
0,FRA,12213,,,"Hebert, Benjamin",35509,73,"[{'course_code': '', 'course_name': 'Trump International Golf Links', 'course_num': 4844, 'round_num': 1, 'start_hole': 1, 'teetime': '2026-08-20 08:06', 'wave': 'early'}, {'course_code': '', 'course_name': 'Trump International Golf Links', 'course_num': 4844, 'round_num': 2, 'start_hole': 10, 'teetime': '2026-08-21 13:16', 'wave': 'late'}]",T221,2026132
0,RSA,15993,321.0,155.0,"Hollick, Michael",38575,113,"[{'course_code': '', 'course_name': 'Trump International Golf Links', 'course_num': 4844, 'round_num': 1, 'start_hole': 1, 'teetime': '2026-08-20 12:22', 'wave': 'late'}, {'course_code': '', 'course_name': 'Trump International Golf Links', 'course_num': 4844, 'round_num': 2, 'start_hole': 10, 'teetime': '2026-08-21 07:22', 'wave': 'early'}]",30,2026132
0,USA,30464,,,"Jackson, Palmer",105832,42,"[{'course_code': '', 'course_name': 'Trump International Golf Links', 'course_num': 4844, 'round_num': 1, 'start_hole': 1, 'teetime': '2026-08-20 08:17', 'wave': 'early'}, {'course_code': '', 'course_name': 'Trump International Golf Links', 'course_num': 4844, 'round_num': 2, 'start_hole': 10, 'teetime': '2026-08-21 13:27', 'wave': 'late'}]",,2026132
0,SCO,11397,,465.0,"Jamieson, Scott",34771,112,"[{'course_code': '', 'course_name': 'Trump International Golf Links', 'course_num': 4844, 'round_num': 1, 'start_hole': 10, 'teetime': '2026-08-20 12:44', 'wave': 'late'}, {'course_code': '', 'course_name': 'Trump International Golf Links', 'course_num': 4844, 'round_num': 2, 'start_hole': 1, 'teetime': '2026-08-21 07:44', 'wave': 'early'}]",135,2026132
0,RSA,26947,84.0,68.0,"Jarvis, Casey",43957,285,"[{'course_code': '', 'course_name': 'Trump International Golf Links', 'course_num': 4844, 'round_num': 1, 'start_hole': 1, 'teetime': '2026-08-20 12:11', 'wave': 'late'}, {'course_code': '', 'course_name': 'Trump International Golf Links', 'course_num': 4844, 'round_num': 2, 'start_hole': 10, 'teetime': '2026-08-21 07:11', 'wave': 'early'}]",4,2026132
0,SCO,22631,,,"Johnston, Liam",41445,38,"[{'course_code': '', 'course_name': 'Trump International Golf Links', 'course_num': 4844, 'round_num': 1, 'start_hole': 1, 'teetime': '2026-08-20 08:50', 'wave': 'early'}, {'course_code': '', 'course_name': 'Trump International Golf Links', 'course_num': 4844, 'round_num': 2, 'start_hole': 10, 'teetime': '2026-08-21 14:00', 'wave': 'late'}]",,2026132
0,USA,32449,,,"Johnston, Ryggs",105948,84,"[{'course_code': '', 'course_name': 'Trump International Golf Links', 'course_num': 4844, 'round_num': 1, 'start_hole': 1, 'teetime': '2026-08-20 13:39', 'wave': 'late'}, {'course_code': '', 'course_name': 'Trump International Golf Links', 'course_num': 4844, 'round_num': 2, 'start_hole': 10, 'teetime': '2026-08-21 08:39', 'wave': 'early'}]",151,2026132
0,SWE,28686,,,"Jonsson, Tobias",101407,75,"[{'course_code': '', 'course_name': 'Trump International Golf Links', 'course_num': 4844, 'round_num': 1, 'start_hole': 1, 'teetime': '2026-08-20 07:00', 'wave': 'early'}, {'course_code': '', 'course_name': 'Trump International Golf Links', 'course_num': 4844, 'round_num': 2, 'start_hole': 10, 'teetime': '2026-08-21 12:10', 'wave': 'late'}]",138,2026132
0,ENG,25601,204.0,278.0,"Jordan, Matthew",42599,261,"[{'course_code': '', 'course_name': 'Trump International Golf Links', 'course_num': 4844, 'round_num': 1, 'start_hole': 10, 'teetime': '2026-08-20 07:00', 'wave': 'early'}, {'course_code': '', 'course_name': 'Trump International Golf Links', 'course_num': 4844, 'round_num': 2, 'start_hole': 1, 'teetime': '2026-08-21 12:10', 'wave': 'late'}]",71,2026132
0,THA,19844,411.0,408.0,"Kaewkanjana, Sadom",43041,96,"[{'course_code': '', 'course_name': 'Trump International Golf Links', 'course_num': 4844, 'round_num': 1, 'start_hole': 1, 'teetime': '2026-08-20 07:11', 'wave': 'early'}, {'course_code': '', 'course_name': 'Trump International Golf Links', 'course_num': 4844, 'round_num': 2, 'start_hole': 10, 'teetime': '2026-08-21 12:21', 'wave': 'late'}]",176,2026132
0,GER,12317,,,"Kieffer, Max",35419,37,"[{'course_code': '', 'course_name': 'Trump International Golf Links', 'course_num': 4844, 'round_num': 1, 'start_hole': 1, 'teetime': '2026-08-20 08:06', 'wave': 'early'}, {'course_code': '', 'course_name': 'Trump International Golf Links', 'course_num': 4844, 'round_num': 2, 'start_hole': 10, 'teetime': '2026-08-21 13:16', 'wave': 'late'}]",,2026132
0,ENG,18027,209.0,249.0,"Kimsey, Nathan",39609,171,"[{'course_code': '', 'course_name': 'Trump International Golf Links', 'course_num': 4844, 'round_num': 1, 'start_hole': 10, 'teetime': '2026-08-20 12:22', 'wave': 'late'}, {'course_code': '', 'course_name': 'Trump International Golf Links', 'course_num': 4844, 'round_num': 2, 'start_hole': 1, 'teetime': '2026-08-21 07:22', 'wave': 'early'}]",53,2026132
0,SWE,18514,398.0,388.0,"Kinhult, Marcus",39925,98,"[{'course_code': '', 'course_name': 'Trump International Golf Links', 'course_num': 4844, 'round_num': 1, 'start_hole': 10, 'teetime': '2026-08-20 13:28', 'wave': 'late'}, {'course_code': '', 'course_name': 'Trump International Golf Links', 'course_num': 4844, 'round_num': 2, 'start_hole': 1, 'teetime': '2026-08-21 08:28', 'wave': 'early'}]",96,2026132
0,NZL,24369,203.0,206.0,"Kobori, Kazuma",104063,198,"[{'course_code': '', 'course_name': 'Trump International Golf Links', 'course_num': 4844, 'round_num': 1, 'start_hole': 1, 'teetime': '2026-08-20 13:28', 'wave': 'late'}, {'course_code': '', 'course_name': 'Trump International Golf Links', 'course_num': 4844, 'round_num': 2, 'start_hole': 10, 'teetime': '2026-08-21 08:28', 'wave': 'early'}]",79,2026132
0,SWE,14780,320.0,178.0,"Lagergren, Joakim",37579,141,"[{'course_code': '', 'course_name': 'Trump International Golf Links', 'course_num': 4844, 'round_num': 1, 'start_hole': 1, 'teetime': '2026-08-20 13:17', 'wave': 'late'}, {'course_code': '', 'course_name': 'Trump International Golf Links', 'course_num': 4844, 'round_num': 2, 'start_hole': 10, 'teetime': '2026-08-21 08:17', 'wave': 'early'}]",82,2026132
0,SCO,9586,,,"Laird, Martin",34548,92,"[{'course_code': '', 'course_name': 'Trump International Golf Links', 'course_num': 4844, 'round_num': 1, 'start_hole': 10, 'teetime': '2026-08-20 07:44', 'wave': 'early'}, {'course_code': '', 'course_name': 'Trump International Golf Links', 'course_num': 4844, 'round_num': 2, 'start_hole': 1, 'teetime': '2026-08-21 12:54', 'wave': 'late'}]",,2026132
0,ESP,9133,,,"Larrazabal, Pablo",33337,68,"[{'course_code': '', 'course_name': 'Trump International Golf Links', 'course_num': 4844, 'round_num': 1, 'start_hole': 1, 'teetime': '2026-08-20 13:39', 'wave': 'late'}, {'course_code': '', 'course_name': 'Trump International Golf Links', 'course_num': 4844, 'round_num': 2, 'start_hole': 10, 'teetime': '2026-08-21 08:39', 'wave': 'early'}]",T185,2026132
0,SCO,14784,387.0,285.0,"Law, David",37562,179,"[{'course_code': '', 'course_name': 'Trump International Golf Links', 'course_num': 4844, 'round_num': 1, 'start_hole': 1, 'teetime': '2026-08-20 12:55', 'wave': 'late'}, {'course_code': '', 'course_name': 'Trump International Golf Links', 'course_num': 4844, 'round_num': 2, 'start_hole': 10, 'teetime': '2026-08-21 07:55', 'wave': 'early'}]",114,2026132
0,KOR,13498,,321.0,"Lee, Junghwan",39251,61,"[{'course_code': '', 'course_name': 'Trump International Golf Links', 'course_num': 4844, 'round_num': 1, 'start_hole': 10, 'teetime': '2026-08-20 12:33', 'wave': 'late'}, {'course_code': '', 'course_name': 'Trump International Golf Links', 'course_num': 4844, 'round_num': 2, 'start_hole': 1, 'teetime': '2026-08-21 07:33', 'wave': 'early'}]",164,2026132
0,KOR,13497,,,"Lee, K.H.",39233,146,"[{'course_code': '', 'course_name': 'Trump International Golf Links', 'course_num': 4844, 'round_num': 1, 'start_hole': 1, 'teetime': '2026-08-20 12:33', 'wave': 'late'}, {'course_code': '', 'course_name': 'Trump International Golf Links', 'course_num': 4844, 'round_num': 2, 'start_hole': 10, 'teetime': '2026-08-21 07:33', 'wave': 'early'}]",205,2026132
0,FRA,14973,406.0,494.0,"Levy, Alexander",37791,82,"[{'course_code': '', 'course_name': 'Trump International Golf Links', 'course_num': 4844, 'round_num': 1, 'start_hole': 1, 'teetime': '2026-08-20 07:44', 'wave': 'early'}, {'course_code': '', 'course_name': 'Trump International Golf Links', 'course_num': 4844, 'round_num': 2, 'start_hole': 10, 'teetime': '2026-08-21 12:54', 'wave': 'late'}]",120,2026132
0,ENG,15164,,,"Lewis, Tom",38037,69,"[{'course_code': '', 'course_name': 'Trump International Golf Links', 'course_num': 4844, 'round_num': 1, 'start_hole': 10, 'teetime': '2026-08-20 14:01', 'wave': 'late'}, {'course_code': '', 'course_name': 'Trump International Golf Links', 'course_num': 4844, 'round_num': 2, 'start_hole': 1, 'teetime': '2026-08-21 09:01', 'wave': 'early'}]",,2026132
0,CHN,15310,250.0,121.0,"Li, Haotong",38108,255,"[{'course_code': '', 'course_name': 'Trump International Golf Links', 'course_num': 4844, 'round_num': 1, 'start_hole': 1, 'teetime': '2026-08-20 12:11', 'wave': 'late'}, {'course_code': '', 'course_name': 'Trump International Golf Links', 'course_num': 4844, 'round_num': 2, 'start_hole': 10, 'teetime': '2026-08-21 07:11', 'wave': 'early'}]",137,2026132
0,SCO,25315,,,"Locke, Sam",42782,37,"[{'course_code': '', 'course_name': 'Trump International Golf Links', 'course_num': 4844, 'round_num': 1, 'start_hole': 1, 'teetime': '2026-08-20 08:50', 'wave': 'early'}, {'course_code': '', 'course_name': 'Trump International Golf Links', 'course_num': 4844, 'round_num': 2, 'start_hole': 10, 'teetime': '2026-08-21 14:00', 'wave': 'late'}]",,2026132
0,USA,31866,,,"Logan, Hunter",108174,27,"[{'course_code': '', 'course_name': 'Trump International Golf Links', 'course_num': 4844, 'round_num': 1, 'start_hole': 10, 'teetime': '2026-08-20 12:22', 'wave': 'late'}, {'course_code': '', 'course_name': 'Trump International Golf Links', 'course_num': 4844, 'round_num': 2, 'start_hole': 1, 'teetime': '2026-08-21 07:22', 'wave': 'early'}]",216,2026132
0,RSA,16897,,455.0,"Lombard, Zander",38428,105,"[{'course_code': '', 'course_name': 'Trump International Golf Links', 'course_num': 4844, 'round_num': 1, 'start_hole': 1, 'teetime': '2026-08-20 13:50', 'wave': 'late'}, {'course_code': '', 'course_name': 'Trump International Golf Links', 'course_num': 4844, 'round_num': 2, 'start_hole': 10, 'teetime': '2026-08-21 08:50', 'wave': 'early'}]",91,2026132
0,ITA,11460,282.0,386.0,"Manassero, Matteo",34788,186,"[{'course_code': '', 'course_name': 'Trump International Golf Links', 'course_num': 4844, 'round_num': 1, 'start_hole': 10, 'teetime': '2026-08-20 08:17', 'wave': 'early'}, {'course_code': '', 'course_name': 'Trump International Golf Links', 'course_num': 4844, 'round_num': 2, 'start_hole': 1, 'teetime': '2026-08-21 13:27', 'wave': 'late'}]",108,2026132
0,ENG,24185,324.0,289.0,"Mansell, Richard",41824,74,"[{'course_code': '', 'course_name': 'Trump International Golf Links', 'course_num': 4844, 'round_num': 1, 'start_hole': 10, 'teetime': '2026-08-20 08:28', 'wave': 'early'}, {'course_code': '', 'course_name': 'Trump International Golf Links', 'course_num': 4844, 'round_num': 2, 'start_hole': 1, 'teetime': '2026-08-21 13:38', 'wave': 'late'}]",211,2026132
0,ENG,19121,,,"McCullen, Haydn",40401,35,"[{'course_code': '', 'course_name': 'Trump International Golf Links', 'course_num': 4844, 'round_num': 1, 'start_hole': 1, 'teetime': '2026-08-20 14:01', 'wave': 'late'}, {'course_code': '', 'course_name': 'Trump International Golf Links', 'course_num': 4844, 'round_num': 2, 'start_hole': 10, 'teetime': '2026-08-21 09:01', 'wave': 'early'}]",,2026132
0,AUS,24172,,,"McKinney, Connor",101468,93,"[{'course_code': '', 'course_name': 'Trump International Golf Links', 'course_num': 4844, 'round_num': 1, 'start_hole': 10, 'teetime': '2026-08-20 13:17', 'wave': 'late'}, {'course_code': '', 'course_name': 'Trump International Golf Links', 'course_num': 4844, 'round_num': 2, 'start_hole': 1, 'teetime': '2026-08-21 08:17', 'wave': 'early'}]",189,2026132
0,AUS,19224,,,"Micheluzzi, David",42600,102,"[{'course_code': '', 'course_name': 'Trump International Golf Links', 'course_num': 4844, 'round_num': 1, 'start_hole': 10, 'teetime': '2026-08-20 12:00', 'wave': 'late'}, {'course_code': '', 'course_name': 'Trump International Golf Links', 'course_num': 4844, 'round_num': 2, 'start_hole': 1, 'teetime': '2026-08-21 07:00', 'wave': 'early'}]",159,2026132
0,NOR,27717,,,"Mjaaseth, Michael",107160,89,"[{'course_code': '', 'course_name': 'Trump International Golf Links', 'course_num': 4844, 'round_num': 1, 'start_hole': 1, 'teetime': '2026-08-20 08:39', 'wave': 'early'}, {'course_code': '', 'course_name': 'Trump International Golf Links', 'course_num': 4844, 'round_num': 2, 'start_hole': 10, 'teetime': '2026-08-21 13:49', 'wave': 'late'}]",,2026132
0,ENG,11061,,439.0,"Morrison, James",34610,77,"[{'course_code': '', 'course_name': 'Trump International Golf Links', 'course_num': 4844, 'round_num': 1, 'start_hole': 10, 'teetime': '2026-08-20 12:00', 'wave': 'late'}, {'course_code': '', 'course_name': 'Trump International Golf Links', 'course_num': 4844, 'round_num': 2, 'start_hole': 1, 'teetime': '2026-08-21 07:00', 'wave': 'early'}]",131,2026132
0,FRA,25089,469.0,,"Mory, Felix",42668,113,"[{'course_code': '', 'course_name': 'Trump International Golf Links', 'course_num': 4844, 'round_num': 1, 'start_hole': 10, 'teetime': '2026-08-20 13:17', 'wave': 'late'}, {'course_code': '', 'course_name': 'Trump International Golf Links', 'course_num': 4844, 'round_num': 2, 'start_hole': 1, 'teetime': '2026-08-21 08:17', 'wave': 'early'}]",167,2026132
0,RSA,19429,,,"Naidoo, Dylan",40468,77,"[{'course_code': '', 'course_name': 'Trump International Golf Links', 'course_num': 4844, 'round_num': 1, 'start_hole': 1, 'teetime': '2026-08-20 13:17', 'wave': 'late'}, {'course_code': '', 'course_name': 'Trump International Golf Links', 'course_num': 4844, 'round_num': 2, 'start_hole': 10, 'teetime': '2026-08-21 08:17', 'wave': 'early'}]",179,2026132
0,JPN,21074,97.0,95.0,"Nakajima, Keita",100617,259,"[{'course_code': '', 'course_name': 'Trump International Golf Links', 'course_num': 4844, 'round_num': 1, 'start_hole': 1, 'teetime': '2026-08-20 12:55', 'wave': 'late'}, {'course_code': '', 'course_name': 'Trump International Golf Links', 'course_num': 4844, 'round_num': 2, 'start_hole': 10, 'teetime': '2026-08-21 07:55', 'wave': 'early'}]",92,2026132
0,AUT,13089,,,"Nemecz, Lukas",36129,56,"[{'course_code': '', 'course_name': 'Trump International Golf Links', 'course_num': 4844, 'round_num': 1, 'start_hole': 1, 'teetime': '2026-08-20 08:50', 'wave': 'early'}, {'course_code': '', 'course_name': 'Trump International Golf Links', 'course_num': 4844, 'round_num': 2, 'start_hole': 10, 'teetime': '2026-08-21 14:00', 'wave': 'late'}]",227,2026132
0,DEN,15676,314.0,325.0,"Norgaard, Niklas",38379,136,"[{'course_code': '', 'course_name': 'Trump International Golf Links', 'course_num': 4844, 'round_num': 1, 'start_hole': 10, 'teetime': '2026-08-20 07:33', 'wave': 'early'}, {'course_code': '', 'course_name': 'Trump International Golf Links', 'course_num': 4844, 'round_num': 2, 'start_hole': 1, 'teetime': '2026-08-21 12:43', 'wave': 'late'}]",115,2026132
0,RSA,7677,249.0,103.0,"Norris, Shaun",32013,169,"[{'course_code': '', 'course_name': 'Trump International Golf Links', 'course_num': 4844, 'round_num': 1, 'start_hole': 1, 'teetime': '2026-08-20 12:22', 'wave': 'late'}, {'course_code': '', 'course_name': 'Trump International Golf Links', 'course_num': 4844, 'round_num': 2, 'start_hole': 10, 'teetime': '2026-08-21 07:22', 'wave': 'early'}]",13,2026132
0,SCO,23707,,,"O'Hara, Paul",37018,44,"[{'course_code': '', 'course_name': 'Trump International Golf Links', 'course_num': 4844, 'round_num': 1, 'start_hole': 1, 'teetime': '2026-08-20 14:01', 'wave': 'late'}, {'course_code': '', 'course_name': 'Trump International Golf Links', 'course_num': 4844, 'round_num': 2, 'start_hole': 10, 'teetime': '2026-08-21 09:01', 'wave': 'early'}]",,2026132
0,DEN,25611,107.0,140.0,"Olesen, Jacob Skov",105456,354,"[{'course_code': '', 'course_name': 'Trump International Golf Links', 'course_num': 4844, 'round_num': 1, 'start_hole': 10, 'teetime': '2026-08-20 07:22', 'wave': 'early'}, {'course_code': '', 'course_name': 'Trump International Golf Links', 'course_num': 4844, 'round_num': 2, 'start_hole': 1, 'teetime': '2026-08-21 12:32', 'wave': 'late'}]",17,2026132
0,UAE,14975,353.0,282.0,"Otaegui, Adrian",37793,139,"[{'course_code': '', 'course_name': 'Trump International Golf Links', 'course_num': 4844, 'round_num': 1, 'start_hole': 10, 'teetime': '2026-08-20 13:39', 'wave': 'late'}, {'course_code': '', 'course_name': 'Trump International Golf Links', 'course_num': 4844, 'round_num': 2, 'start_hole': 1, 'teetime': '2026-08-21 08:39', 'wave': 'early'}]",38,2026132
0,ITA,16549,498.0,299.0,"Paratore, Renato",39042,71,"[{'course_code': '', 'course_name': 'Trump International Golf Links', 'course_num': 4844, 'round_num': 1, 'start_hole': 10, 'teetime': '2026-08-20 12:33', 'wave': 'late'}, {'course_code': '', 'course_name': 'Trump International Golf Links', 'course_num': 4844, 'round_num': 2, 'start_hole': 1, 'teetime': '2026-08-21 07:33', 'wave': 'early'}]",143,2026132
0,GER,19898,,,"Paul, Yannik",40647,80,"[{'course_code': '', 'course_name': 'Trump International Golf Links', 'course_num': 4844, 'round_num': 1, 'start_hole': 1, 'teetime': '2026-08-20 08:06', 'wave': 'early'}, {'course_code': '', 'course_name': 'Trump International Golf Links', 'course_num': 4844, 'round_num': 2, 'start_hole': 10, 'teetime': '2026-08-21 13:16', 'wave': 'late'}]",206,2026132
0,FRA,19960,248.0,311.0,"Pavon, Matthieu",39523,187,"[{'course_code': '', 'course_name': 'Trump International Golf Links', 'course_num': 4844, 'round_num': 1, 'start_hole': 10, 'teetime': '2026-08-20 07:00', 'wave': 'early'}, {'course_code': '', 'course_name': 'Trump International Golf Links', 'course_num': 4844, 'round_num': 2, 'start_hole': 1, 'teetime': '2026-08-21 12:10', 'wave': 'late'}]",,2026132
0,AUS,15169,,,"Peake, Ryan",102485,101,"[{'course_code': '', 'course_name': 'Trump International Golf Links', 'course_num': 4844, 'round_num': 1, 'start_hole': 1, 'teetime': '2026-08-20 07:22', 'wave': 'early'}, {'course_code': '', 'course_name': 'Trump International Golf Links', 'course_num': 4844, 'round_num': 2, 'start_hole': 10, 'teetime': '2026-08-21 12:32', 'wave': 'late'}]",157,2026132
0,ENG,15113,278.0,393.0,"Pepperell, Eddie",37841,188,"[{'course_code': '', 'course_name': 'Trump International Golf Links', 'course_num': 4844, 'round_num': 1, 'start_hole': 1, 'teetime': '2026-08-20 07:00', 'wave': 'early'}, {'course_code': '', 'course_name': 'Trump International Golf Links', 'course_num': 4844, 'round_num': 2, 'start_hole': 10, 'teetime': '2026-08-21 12:10', 'wave': 'late'}]",78,2026132
0,PER,22812,,474.0,"Perico, Julian",106165,63,"[{'course_code': '', 'course_name': 'Trump International Golf Links', 'course_num': 4844, 'round_num': 1, 'start_hole': 1, 'teetime': '2026-08-20 08:28', 'wave': 'early'}, {'course_code': '', 'course_name': 'Trump International Golf Links', 'course_num': 4844, 'round_num': 2, 'start_hole': 10, 'teetime': '2026-08-21 13:38', 'wave': 'late'}]",199,2026132
0,RSA,25890,,279.0,"Premlall, Yurav",43173,98,"[{'course_code': '', 'course_name': 'Trump International Golf Links', 'course_num': 4844, 'round_num': 1, 'start_hole': 1, 'teetime': '2026-08-20 12:44', 'wave': 'late'}, {'course_code': '', 'course_name': 'Trump International Golf Links', 'course_num': 4844, 'round_num': 2, 'start_hole': 10, 'teetime': '2026-08-21 07:44', 'wave': 'early'}]",48,2026132
0,AUS,18900,,,"Quayle, Anthony",41948,66,"[{'course_code': '', 'course_name': 'Trump International Golf Links', 'course_num': 4844, 'round_num': 1, 'start_hole': 1, 'teetime': '2026-08-20 07:00', 'wave': 'early'}, {'course_code': '', 'course_name': 'Trump International Golf Links', 'course_num': 4844, 'round_num': 2, 'start_hole': 10, 'teetime': '2026-08-21 12:10', 'wave': 'late'}]",127,2026132
0,ESP,7886,,,"Quiros, Alvaro",32704,34,"[{'course_code': '', 'course_name': 'Trump International Golf Links', 'course_num': 4844, 'round_num': 1, 'start_hole': 10, 'teetime': '2026-08-20 12:22', 'wave': 'late'}, {'course_code': '', 'course_name': 'Trump International Golf Links', 'course_num': 4844, 'round_num': 2, 'start_hole': 1, 'teetime': '2026-08-21 07:22', 'wave': 'early'}]",,2026132
0,FRA,23416,312.0,420.0,"Ravetto, David",43883,91,"[{'course_code': '', 'course_name': 'Trump International Golf Links', 'course_num': 4844, 'round_num': 1, 'start_hole': 10, 'teetime': '2026-08-20 08:06', 'wave': 'early'}, {'course_code': '', 'course_name': 'Trump International Golf Links', 'course_num': 4844, 'round_num': 2, 'start_hole': 1, 'teetime': '2026-08-21 13:16', 'wave': 'late'}]",83,2026132
0,RSA,22912,,,"Rebula, Jovan",41617,37,"[{'course_code': '', 'course_name': 'Trump International Golf Links', 'course_num': 4844, 'round_num': 1, 'start_hole': 1, 'teetime': '2026-08-20 07:22', 'wave': 'early'}, {'course_code': '', 'course_name': 'Trump International Golf Links', 'course_num': 4844, 'round_num': 2, 'start_hole': 10, 'teetime': '2026-08-21 12:32', 'wave': 'late'}]",204,2026132
0,USA,14838,43.0,32.0,"Reed, Patrick",38439,517,"[{'course_code': '', 'course_name': 'Trump International Golf Links', 'course_num': 4844, 'round_num': 1, 'start_hole': 10, 'teetime': '2026-08-20 07:11', 'wave': 'early'}, {'course_code': '', 'course_name': 'Trump International Golf Links', 'course_num': 4844, 'round_num': 2, 'start_hole': 1, 'teetime': '2026-08-21 12:21', 'wave': 'late'}]",1,2026132
0,ESP,31235,,439.0,"Repetto Taylor, Rocco",104066,70,"[{'course_code': '', 'course_name': 'Trump International Golf Links', 'course_num': 4844, 'round_num': 1, 'start_hole': 10, 'teetime': '2026-08-20 13:50', 'wave': 'late'}, {'course_code': '', 'course_name': 'Trump International Golf Links', 'course_num': 4844, 'round_num': 2, 'start_hole': 1, 'teetime': '2026-08-21 08:50', 'wave': 'early'}]",160,2026132
0,ENG,24497,330.0,305.0,"Robinson Thompson, Brandon",43831,126,"[{'course_code': '', 'course_name': 'Trump International Golf Links', 'course_num': 4844, 'round_num': 1, 'start_hole': 1, 'teetime': '2026-08-20 13:50', 'wave': 'late'}, {'course_code': '', 'course_name': 'Trump International Golf Links', 'course_num': 4844, 'round_num': 2, 'start_hole': 10, 'teetime': '2026-08-21 08:50', 'wave': 'early'}]",85,2026132
0,POR,27149,380.0,260.0,"Rodrigues, Daniel",105484,116,"[{'course_code': '', 'course_name': 'Trump International Golf Links', 'course_num': 4844, 'round_num': 1, 'start_hole': 1, 'teetime': '2026-08-20 07:55', 'wave': 'early'}, {'course_code': '', 'course_name': 'Trump International Golf Links', 'course_num': 4844, 'round_num': 2, 'start_hole': 10, 'teetime': '2026-08-21 13:05', 'wave': 'late'}]",47,2026132
0,IND,23060,,,"Sandhu, Yuvraj Singh",41647,79,"[{'course_code': '', 'course_name': 'Trump International Golf Links', 'course_num': 4844, 'round_num': 1, 'start_hole': 10, 'teetime': '2026-08-20 08:28', 'wave': 'early'}, {'course_code': '', 'course_name': 'Trump International Golf Links', 'course_num': 4844, 'round_num': 2, 'start_hole': 1, 'teetime': '2026-08-21 13:38', 'wave': 'late'}]",198,2026132
0,ENG,27258,388.0,378.0,"Schmidt, Ben",43885,133,"[{'course_code': '', 'course_name': 'Trump International Golf Links', 'course_num': 4844, 'round_num': 1, 'start_hole': 1, 'teetime': '2026-08-20 07:33', 'wave': 'early'}, {'course_code': '', 'course_name': 'Trump International Golf Links', 'course_num': 4844, 'round_num': 2, 'start_hole': 10, 'teetime': '2026-08-21 12:43', 'wave': 'late'}]",134,2026132
0,AUS,12734,279.0,398.0,"Scrivener, Jason",35853,111,"[{'course_code': '', 'course_name': 'Trump International Golf Links', 'course_num': 4844, 'round_num': 1, 'start_hole': 10, 'teetime': '2026-08-20 13:39', 'wave': 'late'}, {'course_code': '', 'course_name': 'Trump International Golf Links', 'course_num': 4844, 'round_num': 2, 'start_hole': 1, 'teetime': '2026-08-21 08:39', 'wave': 'early'}]",102,2026132
0,ENG,15115,,476.0,"Senior, Jack",37073,140,"[{'course_code': '', 'course_name': 'Trump International Golf Links', 'course_num': 4844, 'round_num': 1, 'start_hole': 1, 'teetime': '2026-08-20 13:39', 'wave': 'late'}, {'course_code': '', 'course_name': 'Trump International Golf Links', 'course_num': 4844, 'round_num': 2, 'start_hole': 10, 'teetime': '2026-08-21 08:39', 'wave': 'early'}]",125,2026132
0,IND,17081,,,"Sharma, Shubhankar",39187,67,"[{'course_code': '', 'course_name': 'Trump International Golf Links', 'course_num': 4844, 'round_num': 1, 'start_hole': 10, 'teetime': '2026-08-20 08:39', 'wave': 'early'}, {'course_code': '', 'course_name': 'Trump International Golf Links', 'course_num': 4844, 'round_num': 2, 'start_hole': 1, 'teetime': '2026-08-21 13:49', 'wave': 'late'}]",188,2026132
0,JPN,21921,412.0,263.0,"Shogenji, Tatsunori",109012,74,"[{'course_code': '', 'course_name': 'Trump International Golf Links', 'course_num': 4844, 'round_num': 1, 'start_hole': 10, 'teetime': '2026-08-20 12:55', 'wave': 'late'}, {'course_code': '', 'course_name': 'Trump International Golf Links', 'course_num': 4844, 'round_num': 2, 'start_hole': 1, 'teetime': '2026-08-21 07:55', 'wave': 'early'}]",,2026132
0,GER,6950,,467.0,"Siem, Marcel",3467,127,"[{'course_code': '', 'course_name': 'Trump International Golf Links', 'course_num': 4844, 'round_num': 1, 'start_hole': 10, 'teetime': '2026-08-20 07:55', 'wave': 'early'}, {'course_code': '', 'course_name': 'Trump International Golf Links', 'course_num': 4844, 'round_num': 2, 'start_hole': 1, 'teetime': '2026-08-21 13:05', 'wave': 'late'}]",132,2026132
0,ENG,15191,494.0,404.0,"Southgate, Matthew",37769,136,"[{'course_code': '', 'course_name': 'Trump International Golf Links', 'course_num': 4844, 'round_num': 1, 'start_hole': 1, 'teetime': '2026-08-20 08:39', 'wave': 'early'}, {'course_code': '', 'course_name': 'Trump International Golf Links', 'course_num': 4844, 'round_num': 2, 'start_hole': 10, 'teetime': '2026-08-21 13:49', 'wave': 'late'}]",200,2026132
0,AUT,21677,300.0,248.0,"Steinlechner, Maximilian",41160,113,"[{'course_code': '', 'course_name': 'Trump International Golf Links', 'course_num': 4844, 'round_num': 1, 'start_hole': 10, 'teetime': '2026-08-20 13:50', 'wave': 'late'}, {'course_code': '', 'course_name': 'Trump International Golf Links', 'course_num': 4844, 'round_num': 2, 'start_hole': 1, 'teetime': '2026-08-21 08:50', 'wave': 'early'}]",80,2026132
0,RSA,7049,399.0,141.0,"Sterne, Richard",30715,197,"[{'course_code': '', 'course_name': 'Trump International Golf Links', 'course_num': 4844, 'round_num': 1, 'start_hole': 1, 'teetime': '2026-08-20 12:33', 'wave': 'late'}, {'course_code': '', 'course_name': 'Trump International Golf Links', 'course_num': 4844, 'round_num': 2, 'start_hole': 10, 'teetime': '2026-08-21 07:33', 'wave': 'early'}]",44,2026132
0,RSA,15229,296.0,444.0,"Stone, Brandon",37990,156,"[{'course_code': '', 'course_name': 'Trump International Golf Links', 'course_num': 4844, 'round_num': 1, 'start_hole': 1, 'teetime': '2026-08-20 13:06', 'wave': 'late'}, {'course_code': '', 'course_name': 'Trump International Golf Links', 'course_num': 4844, 'round_num': 2, 'start_hole': 10, 'teetime': '2026-08-21 08:06', 'wave': 'early'}]",T110,2026132
0,ENG,15326,224.0,135.0,"Sullivan, Andy",38119,218,"[{'course_code': '', 'course_name': 'Trump International Golf Links', 'course_num': 4844, 'round_num': 1, 'start_hole': 1, 'teetime': '2026-08-20 12:00', 'wave': 'late'}, {'course_code': '', 'course_name': 'Trump International Golf Links', 'course_num': 4844, 'round_num': 2, 'start_hole': 10, 'teetime': '2026-08-21 07:00', 'wave': 'early'}]",9,2026132
0,SCO,22089,,421.0,"Syme, Connor",41226,86,"[{'course_code': '', 'course_name': 'Trump International Golf Links', 'course_num': 4844, 'round_num': 1, 'start_hole': 1, 'teetime': '2026-08-20 12:22', 'wave': 'late'}, {'course_code': '', 'course_name': 'Trump International Golf Links', 'course_num': 4844, 'round_num': 2, 'start_hole': 10, 'teetime': '2026-08-21 07:22', 'wave': 'early'}]",T185,2026132
0,ENG,20519,,,"Tarren, Callum",41432,95,"[{'course_code': '', 'course_name': 'Trump International Golf Links', 'course_num': 4844, 'round_num': 1, 'start_hole': 1, 'teetime': '2026-08-20 07:44', 'wave': 'early'}, {'course_code': '', 'course_name': 'Trump International Golf Links', 'course_num': 4844, 'round_num': 2, 'start_hole': 10, 'teetime': '2026-08-21 12:54', 'wave': 'late'}]",207,2026132
0,EST,32733,,,"Teder, Richard",105458,36,"[{'course_code': '', 'course_name': 'Trump International Golf Links', 'course_num': 4844, 'round_num': 1, 'start_hole': 10, 'teetime': '2026-08-20 14:01', 'wave': 'late'}, {'course_code': '', 'course_name': 'Trump International Golf Links', 'course_num': 4844, 'round_num': 2, 'start_hole': 1, 'teetime': '2026-08-21 09:01', 'wave': 'early'}]",,2026132
0,NED,25273,,,"Toorop, Mike",42958,55,"[{'course_code': '', 'course_name': 'Trump International Golf Links', 'course_num': 4844, 'round_num': 1, 'start_hole': 10, 'teetime': '2026-08-20 13:39', 'wave': 'late'}, {'course_code': '', 'course_name': 'Trump International Golf Links', 'course_num': 4844, 'round_num': 2, 'start_hole': 1, 'teetime': '2026-08-21 08:39', 'wave': 'early'}]",210,2026132
0,SWE,31165,431.0,326.0,"Townsend, Hugo",102151,93,"[{'course_code': '', 'course_name': 'Trump International Golf Links', 'course_num': 4844, 'round_num': 1, 'start_hole': 10, 'teetime': '2026-08-20 13:17', 'wave': 'late'}, {'course_code': '', 'course_name': 'Trump International Golf Links', 'course_num': 4844, 'round_num': 2, 'start_hole': 1, 'teetime': '2026-08-21 08:17', 'wave': 'early'}]",104,2026132
0,RSA,15193,311.0,272.0,"Van Tonder, Daniel",38017,115,"[{'course_code': '', 'course_name': 'Trump International Golf Links', 'course_num': 4844, 'round_num': 1, 'start_hole': 1, 'teetime': '2026-08-20 07:33', 'wave': 'early'}, {'course_code': '', 'course_name': 'Trump International Golf Links', 'course_num': 4844, 'round_num': 2, 'start_hole': 10, 'teetime': '2026-08-21 12:43', 'wave': 'late'}]",87,2026132
0,RSA,27960,,456.0,"Van Velzen, Ryan",101611,47,"[{'course_code': '', 'course_name': 'Trump International Golf Links', 'course_num': 4844, 'round_num': 1, 'start_hole': 1, 'teetime': '2026-08-20 08:28', 'wave': 'early'}, {'course_code': '', 'course_name': 'Trump International Golf Links', 'course_num': 4844, 'round_num': 2, 'start_hole': 10, 'teetime': '2026-08-21 13:38', 'wave': 'late'}]",194,2026132
0,USA,20522,468.0,340.0,"Veerman, Johannes",40721,91,"[{'course_code': '', 'course_name': 'Trump International Golf Links', 'course_num': 4844, 'round_num': 1, 'start_hole': 1, 'teetime': '2026-08-20 13:28', 'wave': 'late'}, {'course_code': '', 'course_name': 'Trump International Golf Links', 'course_num': 4844, 'round_num': 2, 'start_hole': 10, 'teetime': '2026-08-21 08:28', 'wave': 'early'}]",86,2026132
0,ESP,29712,,,"Vidal, Quim",100837,77,"[{'course_code': '', 'course_name': 'Trump International Golf Links', 'course_num': 4844, 'round_num': 1, 'start_hole': 10, 'teetime': '2026-08-20 12:11', 'wave': 'late'}, {'course_code': '', 'course_name': 'Trump International Golf Links', 'course_num': 4844, 'round_num': 2, 'start_hole': 1, 'teetime': '2026-08-21 07:11', 'wave': 'early'}]",156,2026132
0,ESP,17313,,,"Virto, Borja",39235,39,"[{'course_code': '', 'course_name': 'Trump International Golf Links', 'course_num': 4844, 'round_num': 1, 'start_hole': 1, 'teetime': '2026-08-20 14:01', 'wave': 'late'}, {'course_code': '', 'course_name': 'Trump International Golf Links', 'course_num': 4844, 'round_num': 2, 'start_hole': 10, 'teetime': '2026-08-21 09:01', 'wave': 'early'}]",,2026132
0,GER,22231,339.0,271.0,"Von Dellingshausen, Nicolai",41420,113,"[{'course_code': '', 'course_name': 'Trump International Golf Links', 'course_num': 4844, 'round_num': 1, 'start_hole': 10, 'teetime': '2026-08-20 08:06', 'wave': 'early'}, {'course_code': '', 'course_name': 'Trump International Golf Links', 'course_num': 4844, 'round_num': 2, 'start_hole': 1, 'teetime': '2026-08-21 13:16', 'wave': 'late'}]",109,2026132
0,SCO,27147,443.0,,"Walker, Euan",43569,114,"[{'course_code': '', 'course_name': 'Trump International Golf Links', 'course_num': 4844, 'round_num': 1, 'start_hole': 10, 'teetime': '2026-08-20 08:17', 'wave': 'early'}, {'course_code': '', 'course_name': 'Trump International Golf Links', 'course_num': 4844, 'round_num': 2, 'start_hole': 1, 'teetime': '2026-08-21 13:27', 'wave': 'late'}]",119,2026132
0,RSA,24093,,,"Williams, Robin",42213,91,"[{'course_code': '', 'course_name': 'Trump International Golf Links', 'course_num': 4844, 'round_num': 1, 'start_hole': 10, 'teetime': '2026-08-20 12:55', 'wave': 'late'}, {'course_code': '', 'course_name': 'Trump International Golf Links', 'course_num': 4844, 'round_num': 2, 'start_hole': 1, 'teetime': '2026-08-21 07:55', 'wave': 'early'}]",180,2026132
0,ENG,25588,445.0,,"Wilson, Andrew",42990,161,"[{'course_code': '', 'course_name': 'Trump International Golf Links', 'course_num': 4844, 'round_num': 1, 'start_hole': 10, 'teetime': '2026-08-20 12:55', 'wave': 'late'}, {'course_code': '', 'course_name': 'Trump International Golf Links', 'course_num': 4844, 'round_num': 2, 'start_hole': 1, 'teetime': '2026-08-21 07:55', 'wave': 'early'}]",T221,2026132
0,SCO,19908,,437.0,"Young, Daniel",40650,102,"[{'course_code': '', 'course_name': 'Trump International Golf Links', 'course_num': 4844, 'round_num': 1, 'start_hole': 10, 'teetime': '2026-08-20 08:06', 'wave': 'early'}, {'course_code': '', 'course_name': 'Trump International Golf Links', 'course_num': 4844, 'round_num': 2, 'start_hole': 1, 'teetime': '2026-08-21 13:16', 'wave': 'late'}]",146,2026132
0,ENG,22496,,,"Yule, Jack",41412,85,"[{'course_code': '', 'course_name': 'Trump International Golf Links', 'course_num': 4844, 'round_num': 1, 'start_hole': 1, 'teetime': '2026-08-20 08:39', 'wave': 'early'}, {'course_code': '', 'course_name': 'Trump International Golf Links', 'course_num': 4844, 'round_num': 2, 'start_hole': 10, 'teetime': '2026-08-21 13:49', 'wave': 'late'}]",202,2026132
0,CZE,15671,,,"Zach, Simon",38361,43,"[{'course_code': '', 'course_name': 'Trump International Golf Links', 'course_num': 4844, 'round_num': 1, 'start_hole': 1, 'teetime': '2026-08-20 08:17', 'wave': 'early'}, {'course_code': '', 'course_name': 'Trump International Golf Links', 'course_num': 4844, 'round_num': 2, 'start_hole': 10, 'teetime': '2026-08-21 13:27', 'wave': 'late'}]",,2026132
0,PAR,9842,,,"Zanotti, Fabrizio",34563,69,"[{'course_code': '', 'course_name': 'Trump International Golf Links', 'course_num': 4844, 'round_num': 1, 'start_hole': 1, 'teetime': '2026-08-20 13:17', 'wave': 'late'}, {'course_code': '', 'course_name': 'Trump International Golf Links', 'course_num': 4844, 'round_num': 2, 'start_hole': 10, 'teetime': '2026-08-21 08:17', 'wave': 'early'}]",183,2026132
0,CHN,29119,254.0,204.0,"Zhou, Yanhan",103918,322,"[{'course_code': '', 'course_name': 'Trump International Golf Links', 'course_num': 4844, 'round_num': 1, 'start_hole': 10, 'teetime': '2026-08-20 07:11', 'wave': 'early'}, {'course_code': '', 'course_name': 'Trump International Golf Links', 'course_num': 4844, 'round_num': 2, 'start_hole': 1, 'teetime': '2026-08-21 12:21', 'wave': 'late'}]",62,2026132
